Analysis_ID,type,phenotypes,substitution,deletion,insertion,ref_start_pos,ref_end_pos,ref_codon,var_codon,ref_id,key,seq_var,ref_database,Gene,ref_aa,var_aa,codon_change
Strain01,seq_variation,-,True,False,False,92,92,c,t,16S_rrsD_92_t,16S_rrsD_92_t,r.92C>T,PointFinder-EFSA_Latest,16S_rrsD,-,-,-
Strain01,seq_variation,-,True,False,False,1005,1005,c,g,16S_rrsD_1005_g,16S_rrsD_1005_g,r.1005C>G,PointFinder-EFSA_Latest,16S_rrsD,-,-,-
Strain01,seq_variation,-,True,False,False,1006,1006,t,a,16S_rrsD_1006_a,16S_rrsD_1006_a,r.1006T>A,PointFinder-EFSA_Latest,16S_rrsD,-,-,-
Strain01,seq_variation,-,True,False,False,1007,1007,t,a,16S_rrsD_1007_a,16S_rrsD_1007_a,r.1007T>A,PointFinder-EFSA_Latest,16S_rrsD,-,-,-
Strain01,seq_variation,-,True,False,False,1022,1022,g,t,16S_rrsD_1022_t,16S_rrsD_1022_t,r.1022G>T,PointFinder-EFSA_Latest,16S_rrsD,-,-,-
Strain01,seq_variation,-,True,False,False,1133,1133,a,g,16S_rrsD_1133_g,16S_rrsD_1133_g,r.1133A>G,PointFinder-EFSA_Latest,16S_rrsD,-,-,-
Strain01,seq_variation,-,True,False,False,28,28,ttc,ctc,acrB_28_l,acrB_28_l,p.F28L,PointFinder-EFSA_Latest,acrB,f,l,ttc>ctc
Strain01,seq_variation,-,True,False,False,40,40,cta,cca,acrB_40_p,acrB_40_p,p.L40P,PointFinder-EFSA_Latest,acrB,l,p,cta>cca
Strain01,seq_variation,-,True,False,False,868,868,agc,aac,gyrA_868_n,gyrA_868_n,p.S868N,PointFinder-EFSA_Latest,gyrA,s,n,agc>aac
Strain01,seq_variation,-,True,False,False,648,648,cag,ctg,parC_648_l,parC_648_l,p.Q648L,PointFinder-EFSA_Latest,parC,q,l,cag>ctg
Strain01,seq_variation,-,True,False,False,9,9,acc,ccc,pmrB_9_p,pmrB_9_p,p.T9P,PointFinder-EFSA_Latest,pmrB,t,p,acc>ccc
Strain02,seq_variation,-,True,False,False,92,92,c,t,16S_rrsD_92_t,16S_rrsD_92_t,r.92C>T,PointFinder-EFSA_Latest,16S_rrsD,-,-,-
Strain02,seq_variation,-,True,False,False,1005,1005,c,g,16S_rrsD_1005_g,16S_rrsD_1005_g,r.1005C>G,PointFinder-EFSA_Latest,16S_rrsD,-,-,-
Strain02,seq_variation,-,True,False,False,1006,1006,t,a,16S_rrsD_1006_a,16S_rrsD_1006_a,r.1006T>A,PointFinder-EFSA_Latest,16S_rrsD,-,-,-
Strain02,seq_variation,-,True,False,False,1007,1007,t,a,16S_rrsD_1007_a,16S_rrsD_1007_a,r.1007T>A,PointFinder-EFSA_Latest,16S_rrsD,-,-,-
Strain02,seq_variation,-,True,False,False,1022,1022,g,t,16S_rrsD_1022_t,16S_rrsD_1022_t,r.1022G>T,PointFinder-EFSA_Latest,16S_rrsD,-,-,-
Strain02,seq_variation,-,True,False,False,28,28,ttc,ctc,acrB_28_l,acrB_28_l,p.F28L,PointFinder-EFSA_Latest,acrB,f,l,ttc>ctc
Strain02,seq_variation,-,True,False,False,40,40,cta,cca,acrB_40_p,acrB_40_p,p.L40P,PointFinder-EFSA_Latest,acrB,l,p,cta>cca
Strain02,seq_variation,-,True,False,False,868,868,agc,aac,gyrA_868_n,gyrA_868_n,p.S868N,PointFinder-EFSA_Latest,gyrA,s,n,agc>aac
Strain02,seq_variation,-,True,False,False,648,648,cag,ctg,parC_648_l,parC_648_l,p.Q648L,PointFinder-EFSA_Latest,parC,q,l,cag>ctg
Strain02,seq_variation,-,True,False,False,9,9,acc,ccc,pmrB_9_p,pmrB_9_p,p.T9P,PointFinder-EFSA_Latest,pmrB,t,p,acc>ccc
Strain03,seq_variation,-,True,False,False,92,92,c,t,16S_rrsD_92_t,16S_rrsD_92_t,r.92C>T,PointFinder-EFSA_Latest,16S_rrsD,-,-,-
Strain03,seq_variation,-,True,False,False,1005,1005,c,g,16S_rrsD_1005_g,16S_rrsD_1005_g,r.1005C>G,PointFinder-EFSA_Latest,16S_rrsD,-,-,-
Strain03,seq_variation,-,True,False,False,1006,1006,t,a,16S_rrsD_1006_a,16S_rrsD_1006_a,r.1006T>A,PointFinder-EFSA_Latest,16S_rrsD,-,-,-
Strain03,seq_variation,-,True,False,False,1007,1007,t,a,16S_rrsD_1007_a,16S_rrsD_1007_a,r.1007T>A,PointFinder-EFSA_Latest,16S_rrsD,-,-,-
Strain03,seq_variation,-,True,False,False,1022,1022,g,t,16S_rrsD_1022_t,16S_rrsD_1022_t,r.1022G>T,PointFinder-EFSA_Latest,16S_rrsD,-,-,-
Strain03,seq_variation,-,True,False,False,1133,1133,a,g,16S_rrsD_1133_g,16S_rrsD_1133_g,r.1133A>G,PointFinder-EFSA_Latest,16S_rrsD,-,-,-
Strain03,seq_variation,-,True,False,False,28,28,ttc,ctc,acrB_28_l,acrB_28_l,p.F28L,PointFinder-EFSA_Latest,acrB,f,l,ttc>ctc
Strain03,seq_variation,-,True,False,False,40,40,cta,cca,acrB_40_p,acrB_40_p,p.L40P,PointFinder-EFSA_Latest,acrB,l,p,cta>cca
Strain03,seq_variation,-,True,False,False,868,868,agc,aac,gyrA_868_n,gyrA_868_n,p.S868N,PointFinder-EFSA_Latest,gyrA,s,n,agc>aac
Strain03,seq_variation,-,True,False,False,648,648,cag,ctg,parC_648_l,parC_648_l,p.Q648L,PointFinder-EFSA_Latest,parC,q,l,cag>ctg
Strain03,seq_variation,-,True,False,False,9,9,acc,ccc,pmrB_9_p,pmrB_9_p,p.T9P,PointFinder-EFSA_Latest,pmrB,t,p,acc>ccc
