0.719686	1/1000	1	0.00203206	GCF_000006515.1_JCVI_cmg_v1.0_genomic.fna.gz	[84 seqs] NW_002196617.1 Cryptosporidium muris RN66 scf_1106632373409, whole genome shotgun sequence [...]
0.719686	1/1000	61	0.00203206	GCF_000007365.1_ASM736v1_genomic.fna.gz	NC_004061.1 Buchnera aphidicola str. Sg (Schizaphis graminum), complete genome
0.719686	1/1000	1	0.00203206	GCF_000008885.1_ASM888v1_genomic.fna.gz	[2 seqs] NC_004344.2 Wigglesworthia glossinidia endosymbiont of Glossina brevipalpis DNA, complete genome [...]
0.719686	1/1000	1	0.00203206	GCF_000010585.1_ASM1058v1_genomic.fna.gz	[9 seqs] NC_011999.1 Macrococcus caseolyticus JCSC5402 DNA, complete genome [...]
0.719686	1/1000	1	0.00203206	GCF_000011825.1_ASM1182v1_genomic.fna.gz	NC_006448.1 Streptococcus thermophilus LMG 18311, complete genome
0.719686	1/1000	1	0.00203206	GCF_000015285.1_ASM1528v1_genomic.fna.gz	NC_008709.1 Psychromonas ingrahamii 37, complete genome
0.719686	1/1000	1	0.00203206	GCF_000017485.1_ASM1748v1_genomic.fna.gz	NC_009707.1 Campylobacter jejuni subsp. doylei 269.97, complete genome
0.719686	1/1000	1	0.00203206	GCF_000018605.1_ASM1860v1_genomic.fna.gz	NC_010003.1 Petrotoga mobilis SJ95, complete genome
0.719686	1/1000	1	0.00203206	GCF_000024625.1_ASM2462v1_genomic.fna.gz	[3 seqs] NC_013407.1 Methanocaldococcus vulcanius M7, complete genome [...]
0.758338	3/1000	1	1.39643e-09	GCF_000060285.1_ASM6028v1_genomic.fna.gz	NC_008555.1 Listeria welshimeri serovar 6b str. SLCC5334 complete genome
0.719686	1/1000	1	0.00203206	GCF_000092125.1_ASM9212v1_genomic.fna.gz	[3 seqs] NC_014212.1 Meiothermus silvanus DSM 9946, complete genome [...]
0.719686	1/1000	2	0.00203206	GCF_000093065.1_ASM9306v1_genomic.fna.gz	[2 seqs] NC_014109.1 Candidatus Riesia pediculicola USDA, complete genome [...]
0.719686	1/1000	2	0.00203206	GCF_000143985.1_ASM14398v1_genomic.fna.gz	NC_014364.1 Spirochaeta smaragdinae DSM 11293, complete genome
0.719686	1/1000	1	0.00203206	GCF_000145615.1_ASM14561v1_genomic.fna.gz	NC_014410.1 Thermoanaerobacterium thermosaccharolyticum DSM 571, complete genome
0.719686	1/1000	1	0.00203206	GCF_000146065.2_ASM14606v1_genomic.fna.gz	NC_020449.1 Candidatus Cloacamonas acidaminovorans str. Evry provisional genome sequence from WWE1 candidate division
0.719686	1/1000	3	0.00203206	GCF_000161975.1_ASM16197v1_genomic.fna.gz	NZ_GG688422.1 Eubacterium saphenum ATCC 49989 Scfld0, whole genome shotgun sequence
0.719686	1/1000	1	0.00203206	GCF_000163735.1_ASM16373v1_genomic.fna.gz	[10 seqs] NZ_GG770224.1 Veillonella sp. 6_1_27 supercont1.10, whole genome shotgun sequence [...]
0.758338	3/1000	39	1.39643e-09	GCF_000168415.1_ASM16841v1_genomic.fna.gz	[457 seqs] NZ_AARK02000457.1 Listeria monocytogenes FSL J1-175 cont3.457, whole genome shotgun sequence [...]
0.719686	1/1000	1	0.00203206	GCF_000179035.2_ASM17903v2_genomic.fna.gz	NC_015155.1 Mycoplasma suis str. Illinois, complete genome
0.719686	1/1000	5	0.00203206	GCF_000183405.1_ASM18340v1_genomic.fna.gz	[2 seqs] NC_014758.1 Calditerrivibrio nitroreducens DSM 19672, complete genome [...]
0.768798	4/1000	83	7.07926e-13	GCF_000183905.1_ASM18390v1_genomic.fna.gz	NZ_CM001049.1 Listeria innocua FSL J1-023 chromosome, whole genome shotgun sequence
0.719686	1/1000	2	0.00203206	GCF_000217795.1_ASM21779v1_genomic.fna.gz	NC_015681.1 Thermodesulfatator indicus DSM 15286, complete genome
0.719686	1/1000	1	0.00203206	GCF_000218855.1_ASM21885v1_genomic.fna.gz	[3 seqs] NC_015687.1 Clostridium acetobutylicum DSM 1731, complete genome [...]
0.719686	1/1000	1	0.00203206	GCF_000219045.1_ASM21904v1_genomic.fna.gz	NC_015696.1 Francisella sp. TX077308, complete genome
0.719686	1/1000	1	0.00203206	GCF_000222855.1_WG1_1.0_genomic.fna.gz	[43 seqs] NZ_GL995195.1 Succinivibrionaceae bacterium WG-1 genomic scaffold scaffold00001, whole genome shotgun sequence [...]
0.719686	1/1000	2	0.00203206	GCF_000225325.1_ASM22532v1_genomic.fna.gz	[3 seqs] NC_015978.1 Lactobacillus sanfranciscensis TMW 1.1304, complete genome [...]
0.719686	1/1000	1	0.00203206	GCF_000227765.1_ASM22776v1_genomic.fna.gz	[16 seqs] NZ_JH165159.1 Neisseria wadsworthii 9715 genomic scaffold SCAFFOLD1, whole genome shotgun sequence [...]
0.719686	1/1000	66	0.00203206	GCF_000233435.1_ASM23343v1_genomic.fna.gz	[2 seqs] NC_016146.1 Blattabacterium sp. (Mastotermes darwiniensis) str. MADAR, complete genome [...]
0.719686	1/1000	1	0.00203206	GCF_000233695.2_ASM23369v3_genomic.fna.gz	NZ_CM001488.1 Desulfobacter postgatei 2ac9 chromosome, whole genome shotgun sequence
0.719686	1/1000	1	0.00203206	GCF_000238255.2_Pspo_2.0_genomic.fna.gz	[56 seqs] NZ_AHCE02000056.1 Pseudoalteromonas spongiae UST010723-006 contig056, whole genome shotgun sequence [...]
0.719686	1/1000	58	0.00203206	GCF_000238755.1_Campylobacter_sp_10_1_50_V1_genomic.fna.gz	[13 seqs] NZ_JH414887.1 Campylobacter sp. 10_1_50 genomic scaffold supercont1.1, whole genome shotgun sequence [...]
0.719686	1/1000	1	0.00203206	GCF_000241405.1_ASM24140v1_genomic.fna.gz	[17 seqs] NZ_JH556634.1 Listeria innocua ATCC 33091 genomic scaffold Scfld0, whole genome shotgun sequence [...]
0.719686	1/1000	1	0.00203206	GCF_000247775.1_ASM24777v2_genomic.fna.gz	[80 seqs] NZ_AICN01000080.1 Lactobacillus gastricus PS3 contig00125, whole genome shotgun sequence [...]
0.719686	1/1000	2	0.00203206	GCF_000253095.1_ASM25309v1_genomic.fna.gz	NC_017521.1 Mycoplasma leachii 99/014/6 complete genome
0.719686	1/1000	1	0.00203206	GCF_000275925.1_ASM27592v1_genomic.fna.gz	[440 seqs] NZ_AJXH01000001.1 Pseudomonas fluorescens NZ052 contig00001_contig_1, whole genome shotgun sequence [...]
0.719686	1/1000	2	0.00203206	GCF_000279915.1_ASM27991v1_genomic.fna.gz	[14 seqs] NZ_ALCW01000001.1 Streptococcus pneumoniae GA62681 GA62681.contig.0, whole genome shotgun sequence [...]
0.719686	1/1000	2	0.00203206	GCF_000282055.1_CF136.fsa_genomic.fna.gz	[113 seqs] NZ_AKJZ01000001.1 Flavobacterium sp. CF136 PMI10_contig1.1, whole genome shotgun sequence [...]
0.743837	2/1000	2	2.06397e-06	GCF_000287295.1_ASM28729v1_genomic.fna.gz	NC_018417.1 Candidatus Carsonella ruddii HT isolate Thao2000, complete genome
0.719686	1/1000	1	0.00203206	GCF_000300795.2_LgDCC43_1.0_genomic.fna.gz	[67 seqs] NZ_AMQS01000001.1 Lactococcus garvieae DCC43 contig_1, whole genome shotgun sequence [...]
0.719686	1/1000	291	0.00203206	GCF_000304715.1_2F_v3c_genomic.fna.gz	[46 seqs] NZ_ALXF01000001.1 Lactobacillus florum 2F Contig00001, whole genome shotgun sequence [...]
0.719686	1/1000	1	0.00203206	GCF_000306905.1_ASM30690v1_genomic.fna.gz	NC_018586.1 Listeria monocytogenes strain SLCC2540, serotype 3b
0.719686	1/1000	1	0.00203206	GCF_000311825.1_ASM31182v1_genomic.fna.gz	[8 seqs] NZ_HE978566.1 Peptoniphilus sp. ph5 genomic scaffold, scaffold00001, whole genome shotgun sequence [...]
0.719686	1/1000	1	0.00203206	GCF_000312705.1_ASM31270v1_genomic.fna.gz	[5 seqs] NC_019427.1 Anabaena sp. 90 chromosome chANA01, complete sequence [...]
0.719686	1/1000	1	0.00203206	GCF_000316665.1_ASM31666v1_genomic.fna.gz	[3 seqs] NC_019678.1 Rivularia sp. PCC 7116, complete genome [...]
0.719686	1/1000	1	0.00203206	GCF_000335555.1_gacin40v1.0_genomic.fna.gz	[154 seqs] NZ_AMFQ01000001.1 Acinetobacter sp. WC-743 deg7180000004307, whole genome shotgun sequence [...]
0.719686	1/1000	48	0.00203206	GCF_000340795.1_ASM34079v1_genomic.fna.gz	NC_020294.1 Candidatus Kinetoplastibacterium desouzaii TCC079E, complete genome
0.719686	1/1000	2	0.00203206	GCF_000344175.1_ASM34417v1_genomic.fna.gz	[102 seqs] NZ_ALWW01000001.1 Listeria fleischmannii subsp. fleischmannii LU2006-1 c13, whole genome shotgun sequence [...]
0.719686	1/1000	4	0.00203206	GCF_000345545.2_ASM34554v2_genomic.fna.gz	[43 seqs] NZ_KB641775.1 Helicobacter pylori GAM270ASi genomic scaffold Scfld0, whole genome shotgun sequence [...]
0.719686	1/1000	1	0.00203206	GCF_000346275.1_DT3-1dn_genomic.fna.gz	[52 seqs] NZ_ANMT01000001.1 Anoxybacillus sp. DT3-1 contig1, whole genome shotgun sequence [...]
0.719686	1/1000	1	0.00203206	GCF_000374325.1_ASM37432v1_genomic.fna.gz	[14 seqs] NZ_KB894079.1 Allofustis seminis DSM 15817 genomic scaffold C231DRAFT_scaffold00001.1, whole genome shotgun sequence [...]
0.719686	1/1000	1	0.00203206	GCF_000384075.1_ASM38407v1_genomic.fna.gz	NZ_KB913025.1 Methylovulum miyakonense HT12 genomic scaffold MetmiDRAFT_scaffold1.1, whole genome shotgun sequence
0.719686	1/1000	1	0.00203206	GCF_000385495.1_P_2008_03_27_11_29_25_runAssembly_genomic.fna.gz	[20 seqs] NZ_APMO01000001.1 Rickettsia prowazekii str. Cairo 3 contig00002, whole genome shotgun sequence [...]
0.719686	1/1000	1	0.00203206	GCF_000397185.1_ASM39718v1_genomic.fna.gz	NC_021236.1 Strawberry lethal yellows phytoplasma (CPA) str. NZSb11, complete genome
0.719686	1/1000	1	0.00203206	GCF_000407525.1_Ente_raff_ATCC49464_V2_genomic.fna.gz	[9 seqs] NZ_ASWF01000001.1 Enterococcus raffinosus ATCC 49464 acOtA-supercont2.1, whole genome shotgun sequence [...]
0.719686	1/1000	72	0.00203206	GCF_000420385.1_ASM42038v1_genomic.fna.gz	[4 seqs] NZ_ATUV01000001.1 Hippea alviniae EP5-r G415DRAFT_scaffold00001.1_C, whole genome shotgun sequence [...]
0.719686	1/1000	1	0.00203206	GCF_000425845.1_ASM42584v1_genomic.fna.gz	[28 seqs] NZ_AUEF01000001.1 Jeotgalicoccus psychrophilus DSM 19085 H625DRAFT_scaffold00001.1_C, whole genome shotgun sequence [...]
0.743837	2/1000	187	2.06397e-06	GCF_000438455.1_Nosocomiicoccus_NP2_v1_genomic.fna.gz	[154 seqs] NZ_CAVG010000001.1 Nosocomiicoccus sp. NP2 WGS project CAVG000000000 data, contig 00001, whole genome shotgun sequence [...]
0.719686	1/1000	2	0.00203206	GCF_000438645.1_ASM43864v1_genomic.fna.gz	NC_021837.1 Listeria monocytogenes strain J2-031, complete genome
0.719686	1/1000	2	0.00203206	GCF_000449425.2_ASM44942v2_genomic.fna.gz	[114 seqs] NZ_AVHW01000001.1 Clostridioides difficile CD160 gcdCD160.contig.0, whole genome shotgun sequence [...]
0.719686	1/1000	1	0.00203206	GCF_000455285.1_Sm_AP9_genomic.fna.gz	[24 seqs] NZ_HG005284.1 Erysipelotrichaceae bacterium AP9 genomic scaffold, scaffold00001, whole genome shotgun sequence [...]
0.719686	1/1000	1	0.00203206	GCF_000474095.1_ASM47409v1_genomic.fna.gz	[30 seqs] NZ_BASV01000030.1 Streptococcus intermedius SK54 DNA, contig: contig30, whole genome shotgun sequence [...]
0.719686	1/1000	58	0.00203206	GCF_000478685.1_ASM47868v1_genomic.fna.gz	[9 seqs] NZ_AMSD01000001.1 Candidatus Photodesmus katoptron Akat1 chromosome I map unlocalized Contig1, whole genome shotgun sequence [...]
0.719686	1/1000	2	0.00203206	GCF_000494875.1_ASM49487v1_genomic.fna.gz	NC_022737.1 Staphylococcus pasteuri SP1, complete genome
0.719686	1/1000	2	0.00203206	GCF_000518225.1_ASM51822v1_genomic.fna.gz	[11 seqs] NZ_KI912401.1 Helicobacter pametensis ATCC 51478 genomic scaffold T391DRAFT_scaffold00001.1, whole genome shotgun sequence [...]
0.719686	1/1000	1	0.00203206	GCF_000518885.1_ASM51888v1_genomic.fna.gz	[196 seqs] NZ_JAEL01000105.1 Bacillus sp. J33 BacJ33DRAFT_c100_C, whole genome shotgun sequence [...]
0.719686	1/1000	1	0.00203206	GCF_000519065.1_ASM51906v1_genomic.fna.gz	[250 seqs] NZ_KI912533.1 Shewanella putrefaciens HRCR-6 genomic scaffold K407DRAFT_scaffold00001.1, whole genome shotgun sequence [...]
0.719686	1/1000	1	0.00203206	GCF_000524475.1_ASM52447v1_genomic.fna.gz	[113 seqs] NZ_BAVQ01000113.1 Tomitella biformata AHU 1821 DNA, contig: TBIFa113, whole genome shotgun sequence [...]
0.719686	1/1000	1	0.00203206	GCF_000525795.1_Listeriaceae_bacterium_FSL_S10-1188_genomic.fna.gz	[31 seqs] NZ_AOCG01000001.1 Listeria aquatica FSL S10-1188 c1, whole genome shotgun sequence [...]
0.719686	1/1000	1	0.00203206	GCF_000525895.1_Lgrayisubspmurrayi_genomic.fna.gz	[35 seqs] NZ_AODG01000001.1 Listeria grayi FSL F6-1183 c1, whole genome shotgun sequence [...]
0.743837	2/1000	1	2.06397e-06	GCF_000525975.1_LrocourtiaeTYPE_genomic.fna.gz	[126 seqs] NZ_AODK01000001.1 Listeria rocourtiae FSL F6-920 c1, whole genome shotgun sequence [...]
0.719686	1/1000	1	0.00203206	GCF_000584935.1_PKL10V1.0_genomic.fna.gz	[11 seqs] NZ_JANJ01000001.1 Mannheimia haemolytica serotype A1/A6 str. PKL10 Contig_1_consensus_sequence, whole genome shotgun sequence [...]
0.719686	1/1000	1	0.00203206	GCF_000597985.1_ASM59798v1_genomic.fna.gz	NZ_CP006872.1 Paenibacillus polymyxa SQR-21, complete genome
0.719686	1/1000	1	0.00203206	GCF_000598485.1_ASM59848v1_genomic.fna.gz	[444 seqs] NZ_JGDB01000001.1 Bacteroides fragilis str. 3998T(B)3 gbf3998TB3.contig.0, whole genome shotgun sequence [...]
0.719686	1/1000	1	0.00203206	GCF_000621105.1_ASM62110v1_genomic.fna.gz	[10 seqs] NZ_JHZD01000001.1 Mannheimia granulomatis DSM 19156 Q357DRAFT_scaffold00010.10_C, whole genome shotgun sequence [...]
0.719686	1/1000	1	0.00203206	GCF_000621705.1_ASM62170v1_genomic.fna.gz	[21 seqs] NZ_JHXO01000001.1 Prolixibacter bellariivorans ATCC BAA-1284 T426DRAFT_scaffold00001.1_C, whole genome shotgun sequence [...]
0.719686	1/1000	251	0.00203206	GCF_000691345.1_MhyoNPL4v1.0_of_Mycoplasma_hyosynoviae_strain_NPL4_genome_genomic.fna.gz	[48 seqs] NZ_JFKI01000001.1 Mycoplasma hyosynoviae strain NPL4 contig0001, whole genome shotgun sequence [...]
0.719686	1/1000	1	0.00203206	GCF_000701825.1_ASM70182v1_genomic.fna.gz	[43 seqs] NZ_JNJY01000001.1 Mycoplasma collis ATCC 35278 T403DRAFT_scaffold00001.1_C, whole genome shotgun sequence [...]
0.719686	1/1000	1	0.00203206	GCF_000702805.1_ASM70280v1_genomic.fna.gz	[23 seqs] NZ_JNJX01000001.1 Mycoplasma anseris ATCC 49234 T401DRAFT_scaffold00001.1_C, whole genome shotgun sequence [...]
0.719686	1/1000	1	0.00203206	GCF_000709415.1_ASM70941v1_genomic.fna.gz	NZ_CP008724.1 Staphylococcus xylosus strain SMQ-121, complete genome
0.719686	1/1000	21	0.00203206	GCF_000722765.1_ASM72276v1_genomic.fna.gz	[7 seqs] NZ_JPFX01000001.1 Streptococcus mitis strain SK637 gsmSK637.contig.0_1, whole genome shotgun sequence [...]
0.719686	1/1000	2	0.00203206	GCF_000723565.1_SACS_genomic.fna.gz	[9 seqs] NZ_CBLY010000001.1 Saccharibacter sp. AM169 WGS project CBLY000000000 data, contig NODE_57, whole genome shotgun sequence [...]
0.719686	1/1000	1	0.00203206	GCF_000723905.1_PRJEB5512_assembly_1_genomic.fna.gz	[12 seqs] NZ_CCDN010000001.1 Bacillus vietnamensis WGS project CCDN000000000 data, strain HD-02, contig 00001, whole genome shotgun sequence [...]
0.719686	1/1000	1	0.00203206	GCF_000724085.1_PRJEB5523_assembly_1_genomic.fna.gz	[7 seqs] NZ_CCDL010000001.1 Oceanobacillus manasiensis WGS project CCDL000000000 data, strain S2, contig 00001, whole genome shotgun sequence [...]
0.719686	1/1000	2	0.00203206	GCF_000732885.1_ASM73288v1_genomic.fna.gz	[125 seqs] NZ_KL661953.1 Desulfobacula sp. TS genomic scaffold TS-83484, whole genome shotgun sequence [...]
0.719686	1/1000	1	0.00203206	GCF_000735365.1_GKAS_DRAFTv1_genomic.fna.gz	[253 seqs] NZ_JMPL01000001.1 Kluyvera ascorbata ATCC 33433 GKAS.assembly.001, whole genome shotgun sequence [...]
0.719686	1/1000	1	0.00203206	GCF_000742835.1_ASM74283v1_genomic.fna.gz	[2 seqs] NZ_CP008941.1 Candidatus Paracaedibacter acanthamoebae isolate PRA3, complete genome [...]
0.743837	2/1000	50	2.06397e-06	GCF_000745115.1_ASM74511v1_genomic.fna.gz	[5 seqs] NZ_JQNG01000001.1 Carnobacterium sp. WN1374 BO69DRAFT_deg7180000000024_dupTrim_8204.1_C, whole genome shotgun sequence [...]
0.719686	1/1000	1	0.00203206	GCF_000752335.1_Morganella_morganii_F675_genomic.fna.gz	[12 seqs] NZ_CCFB01000001.1 Morganella morganii F675, whole genome shotgun sequence [...]
0.719686	1/1000	1	0.00203206	GCF_000756615.1_ASM75661v1_genomic.fna.gz	[2 seqs] NZ_CP009288.1 Paenibacillus durus strain DSM 1735, complete genome [...]
0.719686	1/1000	1	0.00203206	GCF_000757525.1_RRTA_genomic.fna.gz	[56 seqs] NZ_JPYQ01000001.1 Rhizobium sp. YS-1r CONTIG.1, whole genome shotgun sequence [...]
0.719686	1/1000	1	0.00203206	GCF_000763475.1_ASM76347v1_genomic.fna.gz	NZ_CP009575.1 Listeria ivanovii subsp. londoniensis strain WSLC 30167, complete genome
0.719686	1/1000	1	0.00203206	GCF_000763515.1_ASM76351v1_genomic.fna.gz	NZ_CP009577.1 Listeria ivanovii subsp. ivanovii strain WSLC 3010, complete genome
0.719686	1/1000	1	0.00203206	GCF_000766865.1_ASM76686v1_genomic.fna.gz	[31 seqs] NZ_JNFA01000001.1 Listeria booriae strain FSL A5-0281 contig000001, whole genome shotgun sequence [...]
0.719686	1/1000	1	0.00203206	GCF_000775815.1_ASM77581v1_genomic.fna.gz	[168 seqs] NZ_BBOS01000168.1 Acinetobacter junii DNA, contig: Aju01S_CON00168, strain: NBRC 110497, whole genome shotgun sequence [...]
0.719686	1/1000	1	0.00203206	GCF_000813425.1_ASM81342v1_genomic.fna.gz	[78 seqs] NZ_JWIB01000001.1 Sporosarcina sp. ZBG7A contig_1, whole genome shotgun sequence [...]
0.719686	1/1000	1	0.00203206	GCF_000815065.1_ASM81506v1_genomic.fna.gz	NZ_CP007585.1 Mycoplasma flocculare ATCC 27399, complete genome
0.719686	1/1000	2	0.00203206	GCF_000821325.1_PRJEB6479_assembly_1_genomic.fna.gz	NZ_CCXS01000001.1 Planomicrobium sp. ES2 genome assembly PRJEB6479_assembly_1, contig CONTIG000001, whole genome shotgun sequence
0.719686	1/1000	1	0.00203206	GCF_000828815.1_ASM82881v1_genomic.fna.gz	NZ_AP014521.1 Candidatus Tachikawaea gelatinosa DNA, complete genome
0.719686	1/1000	1	0.00203206	GCF_000829435.1_ASM82943v1_genomic.fna.gz	[24 seqs] NZ_JXRP01000001.1 Jeotgalibacillus soli Cunha et al. 2012 strain P9 contig00001, whole genome shotgun sequence [...]
0.719686	1/1000	1	0.00203206	GCF_000829515.1_ASM82951v1_genomic.fna.gz	[24 seqs] NZ_JXRR01000001.1 Jeotgalibacillus campisalis strain SF-57 contig00001, whole genome shotgun sequence [...]
0.719686	1/1000	5	0.00203206	GCF_000831165.1_ASM83116v1_genomic.fna.gz	NZ_CP007573.1 Streptococcus anginosus strain SA1, complete genome
0.719686	1/1000	1	0.00203206	GCF_000837505.1_ViralMultiSegProj14164_genomic.fna.gz	[3 seqs] NC_003470.1 Atkinsonella hypoxylon partitivirus RNA 1, complete sequence [...]
0.719686	1/1000	27	0.00203206	GCF_000838565.1_ViralProj14042_genomic.fna.gz	NC_001993.1 Melanoplus sanguinipes entomopoxvirus, complete genome
0.719686	1/1000	10	0.00203206	GCF_000839005.1_ViralProj14135_genomic.fna.gz	NC_002486.1 Staphylococcus prophage phiPV83, complete genome
0.719686	1/1000	38	0.00203206	GCF_000839145.1_ViralProj14166_genomic.fna.gz	NC_003524.1 Clostridium phage phi3626, complete genome
0.719686	1/1000	1	0.00203206	GCF_000839685.1_ViralProj14098_genomic.fna.gz	NC_001701.1 Goose parvovirus, complete genome
0.768798	4/1000	169	7.07926e-13	GCF_000839905.1_ViralProj14142_genomic.fna.gz	NC_003291.2 Bacteriophage PSA, complete genome
0.719686	1/1000	1	0.00203206	GCF_000840205.1_ViralProj14196_genomic.fna.gz	NC_004002.1 Sheeppox virus 17077-99, complete genome
0.730984	1/721	1	0.00146553	GCF_000840265.1_ViralProj14208_genomic.fna.gz	NC_004092.1 Hollyhock leaf crumple virus satellite DNA, complete genome
0.719686	1/1000	17	0.00203206	GCF_000842565.1_ViralProj14351_genomic.fna.gz	NC_005355.1 Lactobacillus prophage Lj965, complete genome
0.719686	1/1000	1	0.00203206	GCF_000842705.1_ViralProj14198_genomic.fna.gz	NC_004037.2 Ovine adenovirus 7, complete genome
0.719686	1/1000	1	0.00203206	GCF_000844365.1_ViralProj14546_genomic.fna.gz	NC_006555.1 Dendrolimus punctatus densovirus, complete genome
0.719686	1/1000	2	0.00203206	GCF_000844385.1_ViralProj14551_genomic.fna.gz	NC_006564.1 Canine papillomavirus 2, complete genome
0.719686	1/1000	1	0.00203206	GCF_000846485.1_ViralProj14447_genomic.fna.gz	NC_004515.1 Eupatorium yellow vein virus-associated DNA beta, complete genome
0.758338	3/1000	3	1.39643e-09	GCF_000848385.1_ViralProj14678_genomic.fna.gz	NC_001782.1 Saccharomyces cerevisiae killer virus M1, complete genome
0.719686	1/1000	1	0.00203206	GCF_000849225.1_ViralProj14681_genomic.fna.gz	NC_001801.1 Cucumber green mottle mosaic virus, complete genome
0.719686	1/1000	1	0.00203206	GCF_000849245.1_ViralProj14685_genomic.fna.gz	NC_001873.1 Turnip vein-clearing virus, complete genome
0.838902	25/1000	98	2.43562e-93	GCF_000849645.1_ViralProj14589_genomic.fna.gz	NC_003216.1 Listeria phage A118, complete genome
0.719686	1/1000	1	0.00203206	GCF_000850085.1_ViralProj14682_genomic.fna.gz	NC_001834.1 Drosophila C virus strain EB, complete genome
0.719686	1/1000	1	0.00203206	GCF_000851105.1_ViralMultiSegProj14882_genomic.fna.gz	[2 seqs] NC_004729.1 Indian peanut clump virus RNA 1, complete sequence [...]
0.743837	2/1000	3	2.06397e-06	GCF_000851305.2_ViralMultiSegProj14778_genomic.fna.gz	[4 seqs] NC_003673.1 Olive latent virus 2 RNA 1, complete sequence [...]
0.719686	1/1000	1	0.00203206	GCF_000851365.2_ViralProj14791_genomic.fna.gz	NC_003739.1 Raspberry bushy dwarf virus RNA 1, complete sequence
0.743837	2/1000	1	2.06397e-06	GCF_000854045.1_ViralProj14998_genomic.fna.gz	NC_004162.2 Chikungunya virus, complete genome
0.719686	1/1000	36	0.00203206	GCF_000855205.1_ViralMultiSegProj14932_genomic.fna.gz	[2 seqs] NC_006057.1 Arabis mosaic virus RNA 1, complete sequence [...]
0.719686	1/1000	1	0.00203206	GCF_000855845.2_ViralProj15058_genomic.fna.gz	NC_005895.2 Strawberry pallidosis-associated virus RNA 1, complete genome
0.719686	1/1000	93	0.00203206	GCF_000856905.1_ViralProj15112_genomic.fna.gz	AC_000016.1 Turkey adenovirus A, complete genome
0.719686	1/1000	1	0.00203206	GCF_000857085.1_ViralProj15150_genomic.fna.gz	NC_011202.1 Human adenovirus B2, complete genome
0.768798	4/1000	1	7.07926e-13	GCF_000857145.1_ViralProj15162_genomic.fna.gz	NC_006957.1 Begomovirus-associated DNA-III, complete genome
0.719686	1/1000	1	0.00203206	GCF_000857545.1_ViralProj15247_genomic.fna.gz	NC_002076.2 Torque teno virus 1, complete genome
0.719686	1/1000	191	0.00203206	GCF_000857765.1_ViralProj15083_genomic.fna.gz	NC_003602.1 Grapevine virus B, complete genome
0.719686	1/1000	3	0.00203206	GCF_000858945.1_ViralMultiSegProj15176_genomic.fna.gz	[3 seqs] NC_003832.1 Watermelon silver mottle virus segment L, complete sequence [...]
0.719686	1/1000	42	0.00203206	GCF_000859305.1_ViralProj15252_genomic.fna.gz	NC_007013.1 Small anellovirus 1, complete genome
0.719686	1/1000	1	0.00203206	GCF_000861325.1_ViralProj15321_genomic.fna.gz	NC_001472.1 Human enterovirus B, complete genome
0.743837	2/1000	1	2.06397e-06	GCF_000862405.1_ViralProj15364_genomic.fna.gz	NC_001655.1 Hepatitis GB virus B, complete genome
0.719686	1/1000	1	0.00203206	GCF_000862785.1_ViralProj15446_genomic.fna.gz	NC_004544.1 Tomato yellow leaf curl China virus satellite DNA beta, complete genome
0.719686	1/1000	20	0.00203206	GCF_000863805.1_ViralProj15477_genomic.fna.gz	NC_001699.1 JC polyomavirus, complete genome
0.719686	1/1000	22	0.00203206	GCF_000865105.1_ViralProj15717_genomic.fna.gz	NC_007415.1 Sclerotinia sclerotiorum debilitation-associated RNA virus, complete genome
0.719686	1/1000	1	0.00203206	GCF_000865285.1_ViralProj16226_genomic.fna.gz	NC_007639.1 Sida leaf curl virus-associated DNA beta, complete genome
0.768798	4/1000	1	7.07926e-13	GCF_000865745.1_ViralMultiSegProj15555_genomic.fna.gz	[2 seqs] NC_007241.1 Vicia cryptic virus RNA1, complete sequence [...]
0.719686	1/1000	2	0.00203206	GCF_000865985.1_ViralProj16157_genomic.fna.gz	NC_007518.1 Heterocapsa circularisquama RNA virus, complete genome
0.719686	1/1000	1	0.00203206	GCF_000867625.1_ViralProj17743_genomic.fna.gz	NC_008367.1 Phormidium phage Pf-WMP4, complete genome
0.719686	1/1000	1	0.00203206	GCF_000868245.1_ViralMultiSegProj17127_genomic.fna.gz	[2 seqs] NC_008191.1 Raphanus sativus cryptic virus 1 dsRNA 1, complete sequence [...]
0.719686	1/1000	1	0.00203206	GCF_000870545.1_ViralProj19131_genomic.fna.gz	NC_009225.1 Torque teno midi virus 1, complete genome
0.806739	11/1000	88	5.83755e-38	GCF_000871145.1_ViralProj20801_genomic.fna.gz	NC_009815.1 Listeria phage A006, complete genome
0.743837	2/1000	2	2.06397e-06	GCF_000871765.1_ViralProj19833_genomic.fna.gz	NC_009562.1 Alternanthera yellow vein virus satellite DNA beta, complete genome
0.939885	272/1000	91	0	GCF_000871985.1_ViralProj20795_genomic.fna.gz	NC_009812.1 Listeria phage B025, complete genome
0.719686	1/1000	1	0.00203206	GCF_000872965.1_ViralMultiSegProj18831_genomic.fna.gz	[2 seqs] NC_009013.1 Tomato torrado virus RNA1, complete sequence [...]
0.743837	2/1000	1	2.06397e-06	GCF_000873365.1_ViralProj19863_genomic.fna.gz	NC_009571.1 Honeysuckle yellow vein mosaic disease associated satellite DNA beta-[Ibaraki], complete genome
0.743837	2/1000	187	2.06397e-06	GCF_000873565.1_ViralProj20791_genomic.fna.gz	NC_009810.1 Listeria phage A500, complete genome
0.719686	1/1000	70	0.00203206	GCF_000873585.1_ViralProj20799_genomic.fna.gz	NC_009814.1 Listeria phage P35, complete genome
0.719686	1/1000	82	0.00203206	GCF_000873645.1_ViralProj20965_genomic.fna.gz	NC_009884.1 Acidianus filamentous virus 2, complete genome
0.719686	1/1000	14	0.00203206	GCF_000874245.1_ViralProj20797_genomic.fna.gz	NC_009813.1 Listeria phage B054, complete genome
0.743837	2/1000	2	2.06397e-06	GCF_000874585.1_ViralMultiSegProj30367_genomic.fna.gz	[4 seqs] NC_010984.1 Alternaria alternata dsRNA mycovirus segment L, complete sequence [...]
0.719686	1/1000	1	0.00203206	GCF_000874905.1_ViralProj28699_genomic.fna.gz	NC_010313.1 Tomato leaf curl Ghana virus segment A, complete genome
0.719686	1/1000	2	0.00203206	GCF_000874945.1_ViralMultiSegProj28759_genomic.fna.gz	[3 seqs] NC_010349.1 Botryotinia fuckeliana partitivirus 1, complete segment 1, genomic RNA [...]
0.719686	1/1000	1	0.00203206	GCF_000875305.1_ViralProj30097_genomic.fna.gz	NC_010821.1 Pseudomonas phage 201phi2-1, complete genome
0.719686	1/1000	1	0.00203206	GCF_000879855.1_ViralProj29195_genomic.fna.gz	NC_010537.1 Acidianus filamentous virus 9, complete genome
0.719686	1/1000	224	0.00203206	GCF_000880115.1_ViralProj30115_genomic.fna.gz	NC_010819.1 Macaque simian foamy virus, complete genome
0.719686	1/1000	21	0.00203206	GCF_000881095.1_ViralProj34665_genomic.fna.gz	NC_012118.1 Pedilanthus leaf curl virus-Pedilanthus [Pakistan:Multan:2004], complete genome
0.719686	1/1000	1	0.00203206	GCF_000881235.1_ViralMultiSegProj36621_genomic.fna.gz	[12 seqs] NC_012535.1 Homalodisca vitripennis reovirus segment S1, complete genome [...]
0.758338	3/1000	1	1.39643e-09	GCF_000881315.1_ViralProj37893_genomic.fna.gz	NC_012666.1 Emilia yellow vein virus-associated DNA beta, complete genome
0.719686	1/1000	1	0.00203206	GCF_000882155.1_ViralProj36557_genomic.fna.gz	NC_012519.1 African oil palm ringspot virus, complete genome
0.719686	1/1000	1	0.00203206	GCF_000882715.1_ViralProj34757_genomic.fna.gz	NC_012137.1 Cotton leaf curl Burewala virus - [India:Vehari:2004], complete genome
0.719686	1/1000	3	0.00203206	GCF_000882775.1_ViralProj36515_genomic.fna.gz	NC_012484.1 Grapevine Syrah Virus-1, complete genome
0.719686	1/1000	1	0.00203206	GCF_000883355.1_ViralMultiSegProj32709_genomic.fna.gz	[2 seqs] NC_011556.1 Beet cryptic virus 1 RNA 1, complete genome [...]
0.777011	5/1000	2	2.86831e-16	GCF_000884095.1_ViralMultiSegProj39595_genomic.fna.gz	[2 seqs] NC_013014.1 Sclerotinia sclerotiorum partitivirus S segment 1, complete genome [...]
0.719686	1/1000	1	0.00203206	GCF_000884295.1_ViralProj40315_genomic.fna.gz	AC_000005.1 Human mastadenovirus A, complete genome
0.719686	1/1000	1	0.00203206	GCF_000885855.1_ViralMultiSegProj39975_genomic.fna.gz	[2 seqs] NC_013109.1 Primula malacoides virus China/Mar2007 RNA 1, complete genome [...]
0.719686	1/1000	29	0.00203206	GCF_000887335.1_ViralProj48185_genomic.fna.gz	NC_014093.1 Torque teno midi virus 2, complete genome
0.719686	1/1000	42	0.00203206	GCF_000887455.1_ViralProj50429_genomic.fna.gz	NC_014324.1 Turnip curly top virus, complete genome
0.719686	1/1000	2	0.00203206	GCF_000887475.1_ViralProj51177_genomic.fna.gz	NC_014357.1 Fenneropenaeus chinensis hepatopancreatic densovirus, complete genome
0.743837	2/1000	1	2.06397e-06	GCF_000888095.1_ViralProj45807_genomic.fna.gz	NC_013774.1 Porcine circovirus type 1/2a, complete genome
0.719686	1/1000	1	0.00203206	GCF_000888115.1_ViralProj45931_genomic.fna.gz	NC_013801.1 Croton yellow vein mosaic alphasatellite, complete genome
0.743837	2/1000	1	2.06397e-06	GCF_000889335.1_ViralProj56017_genomic.fna.gz	NC_014594.1 Tomato leaf curl Bangladesh betasatellite, complete genome
0.719686	1/1000	1	0.00203206	GCF_000889415.1_ViralProj60049_genomic.fna.gz	NC_014648.1 Pineapple bacilliform comosus virus, complete genome
0.719686	1/1000	1	0.00203206	GCF_000889555.1_ViralMultiSegProj61135_genomic.fna.gz	[2 seqs] NC_014794.1 Sida golden mosaic Buckup virus-[Jamaica:St. Elizabeth:2004] DNA-A, complete genome [...]
0.719686	1/1000	1	0.00203206	GCF_000890095.1_ViralProj51673_genomic.fna.gz	NC_014461.1 Mycobacterium phage LeBron, complete genome
0.719686	1/1000	146	0.00203206	GCF_000890135.1_ViralProj51893_genomic.fna.gz	NC_014480.2 Torque teno virus 2, complete genome
0.719686	1/1000	190	0.00203206	GCF_000890315.1_ViralProj60625_genomic.fna.gz	NC_014739.1 Chickpea redleaf virus, complete genome
0.719686	1/1000	74	0.00203206	GCF_000890775.1_ViralProj64597_genomic.fna.gz	NC_015267.1 Camelus dromedarius papillomavirus type 1, complete genome
0.719686	1/1000	1	0.00203206	GCF_000891875.1_ViralMultiSegProj64937_genomic.fna.gz	[4 seqs] NC_015298.1 Rose rosette virus RNA1, complete genome [...]
0.743837	2/1000	1	2.06397e-06	GCF_000892015.1_ViralMultiSegProj66459_genomic.fna.gz	[3 seqs] NC_015469.1 Groundnut ringspot and Tomato chlorotic spot virus reassortant segment L, complete genome [...]
0.719686	1/1000	1	0.00203206	GCF_000892595.1_ViralProj65813_genomic.fna.gz	NC_015395.1 Hardenbergia virus A, complete genome
0.719686	1/1000	65	0.00203206	GCF_000892755.1_ViralProj66973_genomic.fna.gz	NC_015524.1 Bombyx mori Macula-like virus, complete genome
0.719686	1/1000	195	0.00203206	GCF_000892895.1_ViralProj70009_genomic.fna.gz	NC_015785.1 Microvirus CA82, complete genome
0.719686	1/1000	1	0.00203206	GCF_000895055.1_ViralProj78801_genomic.fna.gz	NC_016437.1 South polar skua adenovirus-1, complete genome
0.719686	1/1000	191	0.00203206	GCF_000897135.1_ViralProj167575_genomic.fna.gz	NC_017983.1 Salisaeta icosahedral phage 1, complete genome
0.743837	2/1000	52	2.06397e-06	GCF_000897195.1_ViralProj167663_genomic.fna.gz	NC_017980.1 Clostridium phage phiCP7R, complete genome
0.719686	1/1000	1	0.00203206	GCF_000897895.1_ViralProj177549_genomic.fna.gz	NC_018858.1 Horseradish latent virus, complete genome
0.743837	2/1000	1	2.06397e-06	GCF_000900915.1_ViralProj181248_genomic.fna.gz	NC_019532.1 Tomato yellow leaf curl China betasatellite, complete genome
0.719686	1/1000	1	0.00203206	GCF_000903355.1_ViralProj181227_genomic.fna.gz	NC_019491.1 Cyprinid herpesvirus 1 strain NG-J1, complete genome
0.719686	1/1000	1	0.00203206	GCF_000903475.1_ViralProj181251_genomic.fna.gz	NC_019496.1 Clostridium phage phiCP26F, complete genome
0.719686	1/1000	1	0.00203206	GCF_000905335.1_ViralProj193982_genomic.fna.gz	NC_020498.1 TTV-like mini virus isolate TTMV_LY1, complete genome
0.768798	4/1000	55	7.07926e-13	GCF_000905575.1_ViralProj195527_genomic.fna.gz	NC_020871.1 Listeria phage vB_LmoM_AG20, complete genome
0.777011	5/1000	19	2.86831e-16	GCF_000906375.1_ViralMultiSegProj198687_genomic.fna.gz	[2 seqs] NC_021098.1 Hop trefoil cryptic virus 2 isolate IPP_GelbSK segment RNA 1, complete sequence [...]
0.719686	1/1000	1	0.00203206	GCF_000908315.1_ViralMultiSegProj198774_genomic.fna.gz	[2 seqs] NC_021147.1 Dill cryptic virus 2 isolate IPP_hortorum segment RNA 1, complete sequence [...]
0.743837	2/1000	1	2.06397e-06	GCF_000909115.1_ViralProj206466_genomic.fna.gz	NC_021341.1 Tomato yellow leaf curl Yunnan virus isolate YN2013 clone 10 segment DNA-A, complete sequence
0.719686	1/1000	1	0.00203206	GCF_000909155.1_ViralProj206475_genomic.fna.gz	NC_021333.1 Phaeocystis globosa virus virophage, complete genome
0.803086	10/1000	100	3.18872e-34	GCF_000909375.1_ViralProj209078_genomic.fna.gz	NC_021539.2 Listeria phage LP-030-2, complete genome
0.719686	1/1000	2	0.00203206	GCF_000909615.1_ViralProj212954_genomic.fna.gz	NC_021806.1 Cellulophaga phage phi14:2, complete genome
0.719686	1/1000	30	0.00203206	GCF_000909795.1_ViralProj214353_genomic.fna.gz	NC_021923.1 Hemileuca sp. nucleopolyhedrovirus, complete genome
0.719686	1/1000	38	0.00203206	GCF_000910275.1_ViralProj209357_genomic.fna.gz	NC_021567.1 Nilaparvata lugens honeydew virus-3 genomic RNA, complete genome, isolate: Kagoshima
0.719686	1/1000	41	0.00203206	GCF_000910475.1_ViralProj212952_genomic.fna.gz	NC_021788.1 Cellulophaga phage phi4:1, complete genome
0.719686	1/1000	32	0.00203206	GCF_000910515.1_ViralProj212960_genomic.fna.gz	NC_021794.1 Cellulophaga phage phi18:3, complete genome
0.777011	5/1000	1	2.86831e-16	GCF_000911175.1_ViralMultiSegProj225924_genomic.fna.gz	[2 seqs] NC_022616.1 Red clover cryptic virus 1 isolate IPP_Nemaro segment 1 RNA-dependent RNA polymerase gene, complete cds [...]
0.743837	2/1000	2	2.06397e-06	GCF_000913055.2_ViralProj227467_genomic.fna.gz	NC_022799.1 Potato black ringspot virus isolate PRI-Ec segment RNA 2, complete sequence
0.719686	1/1000	1	0.00203206	GCF_000914395.1_ViralProj238950_genomic.fna.gz	NC_023484.1 Sida yellow vein China alphasatellite clone J25.16, complete genome
0.743837	2/1000	1	2.06397e-06	GCF_000915355.1_ViralProj237473_genomic.fna.gz	NC_023432.1 Dragonfly larvae associated circular virus-6 isolate DflaCV-6_NZ-PG9-LD, complete genome
0.719686	1/1000	1	0.00203206	GCF_000920935.1_ViralProj249094_genomic.fna.gz	NC_024216.1 Bacillus phage CAM003, complete genome
0.719686	1/1000	1	0.00203206	GCF_000921435.1_ViralMultiSegProj256090_genomic.fna.gz	[2 seqs] NC_024501.1 Gentian ovary ring-spot virus genomic RNA, segment 1, complete sequence, isolate: S [...]
0.777011	5/1000	182	2.86831e-16	GCF_000921995.1_ViralProj253385_genomic.fna.gz	NC_024384.1 Listeria phage LP-030-3, complete genome
0.906067	126/1000	72	0	GCF_000923075.1_ViralProj253390_genomic.fna.gz	NC_024387.1 Listeria phage LP-101, complete genome
0.719686	1/1000	1	0.00203206	GCF_000924115.1_ViralProj259984_genomic.fna.gz	NC_024766.1 Chicken picornavirus 2 isolate 44C, complete genome
0.719686	1/1000	1	0.00203206	GCF_000925035.1_ViralProj266782_genomic.fna.gz	NC_025436.1 Shewanella sp. phage 1/4, complete genome
0.719686	1/1000	1	0.00203206	GCF_000930875.1_ViralProj273464_genomic.fna.gz	NC_026242.1 Tipula oleracea nudivirus isolate 35, complete genome
0.719686	1/1000	2	0.00203206	GCF_000934845.1_ASM93484v1_genomic.fna.gz	[208 seqs] NZ_JXIQ01000001.1 Bacillus subterraneus strain MITOT1 contig_1, whole genome shotgun sequence [...]
0.719686	1/1000	1	0.00203206	GCF_000938735.2_ASM93873v2_genomic.fna.gz	[188 seqs] NZ_LK931673.1 Sphingobacterium sp. PM2-P1-29 genome assembly Sequencing method, scaffold BN1088_Contig_1 [...]
0.719686	1/1000	1	0.00203206	GCF_000955275.1_ViralProj277520_genomic.fna.gz	NC_026634.1 Avon-Heathcote Estuary associated circular virus 8 isolate AHEaCV-8-NZ-2216TU-2012, complete genome
0.719686	1/1000	1	0.00203206	GCF_000966335.1_ASM96633v1_genomic.fna.gz	[6915 seqs] NW_012217487.1 Clupea harengus unplaced genomic scaffold, ASM96633v1 C32586881, whole genome shotgun sequence [...]
0.719686	1/1000	1	0.00203206	GCF_000972985.1_ASM97298v1_genomic.fna.gz	[19 seqs] NZ_JYOM01000001.1 Listeria seeligeri strain 7KSM Contig1, whole genome shotgun sequence [...]
0.719686	1/1000	53	0.00203206	GCF_000972995.1_ASM97299v1_genomic.fna.gz	[34 seqs] NZ_JYOH01000001.1 Listeria monocytogenes strain 1KSM Contig1, whole genome shotgun sequence [...]
0.719686	1/1000	1	0.00203206	GCF_001005305.1_ASM100530v1_genomic.fna.gz	[44 seqs] NZ_LBMH01000001.1 Kordia zhangzhouensis strain MCCC 1A00726 contig1, whole genome shotgun sequence [...]
0.719686	1/1000	63	0.00203206	GCF_001008205.1_ASM100820v1_genomic.fna.gz	[40 seqs] NZ_LCTK01000001.1 Haemophilus haemolyticus strain 11P18 contig00001, whole genome shotgun sequence [...]
0.719686	1/1000	34	0.00203206	GCF_001008435.1_ViralProj283618_genomic.fna.gz	NC_027059.1 Torque teno sus virus 1b isolate 1p, complete genome
0.719686	1/1000	181	0.00203206	GCF_001019935.1_ViralProj285496_genomic.fna.gz	NC_027122.1 Vesivirus ferret badger/JX12/China/2012, complete genome
0.719686	1/1000	19	0.00203206	GCF_001027125.1_ASM102712v1_genomic.fna.gz	NZ_CP007687.1 Listeria monocytogenes strain L2625, complete genome
0.743837	2/1000	1	2.06397e-06	GCF_001049775.1_ASM104977v1_genomic.fna.gz	[41 seqs] NZ_LFWE01000001.1 Atopobium vaginae strain 44061 contig00001, whole genome shotgun sequence [...]
0.719686	1/1000	210	0.00203206	GCF_001063855.1_ASM106385v1_genomic.fna.gz	[111 seqs] NZ_JVAF01000001.1 Lactobacillus salivarius strain 609_LSAL 0_72117_895471, whole genome shotgun sequence [...]
0.719686	1/1000	1	0.00203206	GCF_001075645.1_ASM107564v1_genomic.fna.gz	[141 seqs] NZ_JUOB01000017.1 Staphylococcus pasteuri strain 915_SPAS 106_383_16339, whole genome shotgun sequence [...]
0.743837	2/1000	1	2.06397e-06	GCF_001115225.1_6631_2_5_genomic.fna.gz	[168 seqs] NZ_CKHR01000001.1 Streptococcus pneumoniae genome assembly 6631_2#5, scaffold ERS019499SCcontig000001, whole genome shotgun sequence [...]
0.719686	1/1000	1	0.00203206	GCF_001196085.1_5601_5_12_genomic.fna.gz	[1185 seqs] NZ_CSRQ01000001.1 Bordetella pertussis genome assembly 5601_5#12, scaffold ERS018602SCcontig000001, whole genome shotgun sequence [...]
0.719686	1/1000	2	0.00203206	GCF_001224225.1_7067_4_69_genomic.fna.gz	[29 seqs] NZ_CUEE01000001.1 Staphylococcus haemolyticus genome assembly 7067_4#69, scaffold ERS066311.7067_4_69.1, whole genome shotgun sequence [...]
0.719686	1/1000	2	0.00203206	GCF_001262395.1_ASM126239v1_genomic.fna.gz	NZ_CM003382.1 Listeria monocytogenes strain JF5171 chromosome, whole genome shotgun sequence
0.719686	1/1000	1	0.00203206	GCF_001266615.1_ASM126661v1_genomic.fna.gz	[62 seqs] NZ_LGHZ01000001.1 Kluyvera cryocrescens strain L2 contig1, whole genome shotgun sequence [...]
0.719686	1/1000	1	0.00203206	GCF_001271175.1_ViralProj293044_genomic.fna.gz	NC_027705.1 Equine adenovirus 2 isolate EAdV2.385/75.9, complete genome
0.719686	1/1000	2	0.00203206	GCF_001274105.1_ViralProj293724_genomic.fna.gz	NC_027790.1 Hermit crab associated circular genome isolate I0085b, complete genome
0.719686	1/1000	1	0.00203206	GCF_001281175.1_ASM128117v1_genomic.fna.gz	[9 seqs] NZ_KQ440395.1 Lactobacillus apinorum strain Fhon13 genomic scaffold Fhon13_scaffold1, whole genome shotgun sequence [...]
0.719686	1/1000	1	0.00203206	GCF_001282665.1_Mediannikovella_massiliensis_genomic.fna.gz	[16 seqs] NZ_LN874933.1 Clostridiales bacterium mt11 genome assembly Mediannikovella massiliensis, scaffold scaffold00001, whole genome shotgun sequence [...]
0.719686	1/1000	316	0.00203206	GCF_001302265.1_ASM130226v1_genomic.fna.gz	[91 seqs] NZ_LHQM01000001.1 Streptococcus phocae strain ATCC 51973 contig_1, whole genome shotgun sequence [...]
0.719686	1/1000	9	0.00203206	GCF_001302385.1_ASM130238v1_genomic.fna.gz	[5 seqs] NZ_LDJC01000001.1 Listeria monocytogenes strain L70 Scaffold_1, whole genome shotgun sequence [...]
0.719686	1/1000	2	0.00203206	GCF_001308215.1_ASM130821v1_genomic.fna.gz	[16 seqs] NZ_JXDD01000001.1 Lactobacillus kunkeei strain LAnu contig001, whole genome shotgun sequence [...]
0.719686	1/1000	1	0.00203206	GCF_001308435.1_ViralProj298073_genomic.fna.gz	NC_027982.1 Lactobacillus phage phiPYB5, complete genome
0.719686	1/1000	1	0.00203206	GCF_001310395.1_ASM131039v1_genomic.fna.gz	[103 seqs] NZ_BAXD01000001.1 Halolactibacillus sp. JCM 19043 DNA, contig: JCM19043.contig00001, whole genome shotgun sequence [...]
0.789561	7/1000	24	2.79452e-23	GCF_001343725.1_ViralMultiSegProj188731_genomic.fna.gz	[2 seqs] NC_020234.1 Rosellinia necatrix partitivirus 2 RdRp gene for RNA-dependent RNA polymerase, complete cds [...]
0.719686	1/1000	279	0.00203206	GCF_001343745.1_ViralMultiSegProj237137_genomic.fna.gz	[12 seqs] NC_023420.2 Cimodo virus strain C74-CI-2004 segment 1, complete sequence [...]
0.719686	1/1000	2	0.00203206	GCF_001372555.1_W2946_genomic.fna.gz	[80 seqs] NZ_CENA01000001.1 Paeniclostridium sordellii strain W2946, whole genome shotgun sequence [...]
0.803086	10/1000	12	3.18872e-34	GCF_001401365.1_ViralProj299179_genomic.fna.gz	NC_028095.1 Torulaspora delbrueckii dsRNA Mbarr-1 killer virus strain EX1180 Kbarr-1 killer toxin gene, complete cds
0.758338	3/1000	22	1.39643e-09	GCF_001429995.1_ViralProj300248_genomic.fna.gz	NC_028116.1 Ageratum conyzoides symptomless alphasatellite isolate WOK80, complete sequence
0.719686	1/1000	1	0.00203206	GCF_001430055.5_ViralProj300260.3_genomic.fna.gz	NC_030688.1 Parrot bornavirus 4, complete genome
0.743837	2/1000	2	2.06397e-06	GCF_001430615.1_ViralProj300250_genomic.fna.gz	NC_028130.1 Luffa begomovirus betasatellite isolate WOK73, complete sequence
0.719686	1/1000	2	0.00203206	GCF_001434335.1_ASM143433v1_genomic.fna.gz	[108 seqs] NZ_AZFM01000001.1 Lactobacillus kalixensis DSM 16043 Scaffold1, whole genome shotgun sequence [...]
0.719686	1/1000	107	0.00203206	GCF_001434365.1_ASM143436v1_genomic.fna.gz	[66 seqs] NZ_AZFN01000001.1 Lactobacillus gastricus DSM 16045 Scaffold1, whole genome shotgun sequence [...]
0.743837	2/1000	196	2.06397e-06	GCF_001436555.1_ASM143655v1_genomic.fna.gz	[9 seqs] NZ_AYZR01000006.1 Lactobacillus senioris DSM 24302 = JCM 17472 strain DSM 24302 NODE_10, whole genome shotgun sequence [...]
0.719686	1/1000	164	0.00203206	GCF_001436695.1_ASM143669v1_genomic.fna.gz	[52 seqs] NZ_AYZG01000006.1 Lactobacillus taiwanensis DSM 21401 NODE_10, whole genome shotgun sequence [...]
0.719686	1/1000	67	0.00203206	GCF_001444005.1_ViralProj302024_genomic.fna.gz	NC_028363.1 Rodent hepatovirus isolate RMU101637Micarv2010 polyprotein gene, complete cds
0.719686	1/1000	24	0.00203206	GCF_001444085.1_ViralProj302022_genomic.fna.gz	NC_028365.1 Hedgehog hepatovirus isolate Igel8Erieur2014 polyprotein gene, complete cds
0.719686	1/1000	88	0.00203206	GCF_001454885.1_ASM145488v1_genomic.fna.gz	NZ_CP013287.1 Listeria monocytogenes strain ATCC 19114, complete genome
0.719686	1/1000	1	0.00203206	GCF_001456495.1_ASM145649v1_genomic.fna.gz	[54 seqs] NZ_LKLG01000027.1 Lactococcus lactis subsp. lactis strain KF7 contig_0, whole genome shotgun sequence [...]
0.719686	1/1000	1	0.00203206	GCF_001456835.1_ASM145683v1_genomic.fna.gz	[169 seqs] NZ_LKLW01000071.1 Lactococcus lactis subsp. lactis strain N42 contig_0, whole genome shotgun sequence [...]
0.719686	1/1000	1	0.00203206	GCF_001461385.1_ViralProj304521_genomic.fna.gz	NC_028465.1 Maize rough dwarf fijivirus minor structural protein (P5-1) and nonstructural protein (P5-2) genes, complete cds
0.719686	1/1000	1	0.00203206	GCF_001477655.1_ASM147765v1_genomic.fna.gz	NZ_CP011266.1 Methanobrevibacter millerae strain SM9, complete genome
0.719686	1/1000	1	0.00203206	GCF_001486445.1_Hugonella_massiliensis_genomic.fna.gz	[9 seqs] NZ_LN908978.1 Eggerthellaceae bacterium AT8 genome assembly Hugonella massiliensis, scaffold scaffold00001, whole genome shotgun sequence [...]
0.719686	1/1000	2	0.00203206	GCF_001500315.1_ASM150031v1_genomic.fna.gz	[54 seqs] NZ_LLER01000001.1 Staphylococcus auricularis strain DSM 20609 contig_1, whole genome shotgun sequence [...]
0.719686	1/1000	32	0.00203206	GCF_001505075.1_ViralProj307920_genomic.fna.gz	NC_028929.1 Listeria phage vB_LmoS_293, complete genome
0.719686	1/1000	1	0.00203206	GCF_001507385.1_ASM150738v1_genomic.fna.gz	[113 seqs] NZ_LLYX01000001.1 Catabacter hongkongensis strain ABBA15k Contig_1, whole genome shotgun sequence [...]
0.719686	1/1000	1	0.00203206	GCF_001517935.1_ASM151793v1_genomic.fna.gz	[32 seqs] NZ_LOQF01000004.1 Sneathia sanguinegens strain CCUG41628 contig_1, whole genome shotgun sequence [...]
0.719686	1/1000	44	0.00203206	GCF_001518795.1_ASM151879v1_genomic.fna.gz	NZ_CP013988.1 Aerococcus urinaeequi strain USDA-ARS-USMARC-56713, complete genome
0.719686	1/1000	1	0.00203206	GCF_001548555.1_ASM154855v1_genomic.fna.gz	[7 seqs] NC_030893.1 Eremothecium sinecaudum strain ATCC 58844 chromosome II, complete sequence [...]
0.719686	1/1000	1	0.00203206	GCF_001564955.1_LM07-01337_assembly_genomic.fna.gz	[23 seqs] NZ_CYVO01000001.1 Listeria monocytogenes strain LM07-01337 genome assembly, contig: LM701337_Contig_1, whole genome shotgun sequence [...]
0.719686	1/1000	1	0.00203206	GCF_001565035.1_LM07-01481_assembly_genomic.fna.gz	[17 seqs] NZ_CYVT01000001.1 Listeria monocytogenes strain LM07-01481 genome assembly, contig: LM701481_Contig_1, whole genome shotgun sequence [...]
0.719686	1/1000	1	0.00203206	GCF_001565055.1_LM07414_assembly_genomic.fna.gz	[36 seqs] NZ_CYVU01000001.1 Listeria monocytogenes strain LM07414 genome assembly, contig: LM7414_Contig_1, whole genome shotgun sequence [...]
0.768798	4/1000	97	7.07926e-13	GCF_001565735.1_LM6186_assembly_genomic.fna.gz	[23 seqs] NZ_CYVG01000001.1 Listeria monocytogenes strain LM6186 genome assembly, contig: LM6186_Contig_1, whole genome shotgun sequence [...]
0.758338	3/1000	1	1.39643e-09	GCF_001567055.1_ViralProj312709_genomic.fna.gz	NC_029302.1 Piscine myocarditis-like virus isolate Golden shiner/PMCLV/USA/MN/2014, complete genome
0.719686	1/1000	1	0.00203206	GCF_001580315.1_ViralMultiSegProj314255_genomic.fna.gz	[8 seqs] NC_029567.1 Raspberry leaf blotch virus segment RNA1, complete genome [...]
0.719686	1/1000	1	0.00203206	GCF_001580715.1_ASM158071v1_genomic.fna.gz	[135 seqs] NZ_LHZH01000126.1 Gluconobacter japonicus strain A813 R-49117_1, whole genome shotgun sequence [...]
0.719686	1/1000	77	0.00203206	GCF_001589795.1_ViralProj314633_genomic.fna.gz	NC_029585.1 Lake Sarah-associated circular virus-8 isolate LSaCV-8-LSCO-2013, complete sequence
0.719686	1/1000	2	0.00203206	GCF_001589935.1_ViralProj314662_genomic.fna.gz	NC_029623.1 Lake Sarah-associated circular virus-42 isolate LSaCV-42-LSCO-2013, complete sequence
0.719686	1/1000	2	0.00203206	GCF_001590095.1_ViralProj314630_genomic.fna.gz	NC_029637.1 Lake Sarah-associated circular virus-23 isolate LSaCV-23-LSMU-2013, complete sequence
0.719686	1/1000	156	0.00203206	GCF_001595425.1_ASM159542v1_genomic.fna.gz	[148 seqs] NZ_LSNB01000001.1 Streptococcus iniae strain CAIM 527 contig_001, whole genome shotgun sequence [...]
0.719686	1/1000	2	0.00203206	GCF_001597405.1_ASM159740v1_genomic.fna.gz	[70 seqs] NZ_LVEY01000011.1 Fusobacterium necrophorum subsp. funduliforme strain F1285 NODE_1, whole genome shotgun sequence [...]
0.719686	1/1000	1	0.00203206	GCF_001639295.1_ASM163929v1_genomic.fna.gz	[232 seqs] NZ_LWMV01000001.1 Methanobrevibacter curvatus strain DSM 11111 MBCUR_contig000001, whole genome shotgun sequence [...]
0.719686	1/1000	1	0.00203206	GCF_001642105.1_ASM164210v1_genomic.fna.gz	[166 seqs] NZ_LXNN01000007.1 Staphylococcus aureus strain CU072914 map unlocalized plasmid unnamed1 PROKKA_contig000007, whole genome shotgun sequence [...]
0.719686	1/1000	78	0.00203206	GCF_001646555.1_ViralProj321700_genomic.fna.gz	NC_030151.1 Cervus papillomavirus 2 isolate BernieDPV, complete genome
0.719686	1/1000	1	0.00203206	GCF_001662485.1_ASM166248v1_genomic.fna.gz	[74 seqs] NZ_JMTM01000001.1 Flavobacterium succinicans strain DD5b FLB_contig000001, whole genome shotgun sequence [...]
0.719686	1/1000	2	0.00203206	GCF_001669805.1_ViralProj326001_genomic.fna.gz	NC_030309.1 Chayote yellow mosaic Benin betasatellite isolate Cameroon-Kumba-Papaya-20-14, complete sequence
0.719686	1/1000	1	0.00203206	GCF_001677255.1_ASM167725v1_genomic.fna.gz	NZ_CP016223.1 Candidatus Sulcia muelleri strain NC, complete genome
0.719686	1/1000	1	0.00203206	GCF_001683815.1_ASM168381v1_genomic.fna.gz	[1395 seqs] NZ_LXTS01000001.1 Alcanivorax sp. CP2C contig-0, whole genome shotgun sequence [...]
0.743837	2/1000	6	2.06397e-06	GCF_001684805.1_ViralProj328685_genomic.fna.gz	NC_030465.1 Circovirus-like genome DCCV-2, complete genome
0.719686	1/1000	1	0.00203206	GCF_001687475.1_ASM168747v1_genomic.fna.gz	[39 seqs] NZ_LUKK01000001.1 Campylobacter hepaticus strain HV10 scaffold_0, whole genome shotgun sequence [...]
0.719686	1/1000	26	0.00203206	GCF_001689855.1_ViralProj329636_genomic.fna.gz	NC_030650.1 Gorilla anellovirus isolate GorF ORF2 and ORF1 genes, complete cds; and nonfunctional ORF3 gene, complete sequence
0.719686	1/1000	92	0.00203206	GCF_001709825.1_ASM170982v1_genomic.fna.gz	[14 seqs] NZ_MDRT01000001.1 Listeria monocytogenes strain 568 contig000001, whole genome shotgun sequence [...]
0.719686	1/1000	1	0.00203206	GCF_001709895.1_ASM170989v1_genomic.fna.gz	[22 seqs] NZ_MDRQ01000001.1 Listeria monocytogenes strain A13 contig000001, whole genome shotgun sequence [...]
0.848822	32/1000	96	1.69584e-122	GCF_001710185.1_ASM171018v1_genomic.fna.gz	[15 seqs] NZ_MDQU01000001.1 Listeria monocytogenes strain A520-2 contig000001, whole genome shotgun sequence [...]
0.799067	9/1000	101	1.58187e-30	GCF_001710205.1_ASM171020v1_genomic.fna.gz	[12 seqs] NZ_MDQW01000001.1 Listeria monocytogenes strain A52 contig000001, whole genome shotgun sequence [...]
0.743837	2/1000	1	2.06397e-06	GCF_001710385.1_ASM171038v1_genomic.fna.gz	[14 seqs] NZ_MDRE01000001.1 Listeria monocytogenes strain A32 contig000001, whole genome shotgun sequence [...]
0.719686	1/1000	1	0.00203206	GCF_001710465.1_ASM171046v1_genomic.fna.gz	[14 seqs] NZ_MDQX01000001.1 Listeria monocytogenes strain A510 contig000001, whole genome shotgun sequence [...]
0.743837	2/1000	94	2.06397e-06	GCF_001710575.1_ASM171057v1_genomic.fna.gz	[24 seqs] NZ_MDQP01000001.1 Listeria monocytogenes strain A533 contig000001, whole genome shotgun sequence [...]
0.719686	1/1000	1	0.00203206	GCF_001711015.1_ASM171101v1_genomic.fna.gz	[23 seqs] NZ_MDPV01000001.1 Listeria monocytogenes strain Lm227 contig000001, whole genome shotgun sequence [...]
0.719686	1/1000	50	0.00203206	GCF_001711285.1_ASM171128v1_genomic.fna.gz	[15 seqs] NZ_MDPG01000001.1 Listeria monocytogenes strain Lm84 contig000001, whole genome shotgun sequence [...]
0.719686	1/1000	39	0.00203206	GCF_001711295.1_ASM171129v1_genomic.fna.gz	[19 seqs] NZ_MDPS01000001.1 Listeria monocytogenes strain Lm232 contig000001, whole genome shotgun sequence [...]
0.719686	1/1000	1	0.00203206	GCF_001713415.1_ASM171341v1_genomic.fna.gz	[5 seqs] NZ_CP016456.1 Sphingobium sp. RAC03, complete genome [...]
0.719686	1/1000	2	0.00203206	GCF_001722805.1_ViralMultiSegProj342447_genomic.fna.gz	[2 seqs] NC_030875.1 Sophora japonica powdery mildew-associated partitivirus isolate HBJZ1510 putative dependent RNA polymerase gene, complete cds [...]
0.743837	2/1000	2	2.06397e-06	GCF_001722845.1_ViralMultiSegProj342455_genomic.fna.gz	[2 seqs] NC_030882.1 Fusarium poae virus 1-240374 genomic RNA, segment 1, complete sequence, strain: 240374 [...]
0.719686	1/1000	2	0.00203206	GCF_001723045.1_ViralMultiSegProj342456_genomic.fna.gz	[2 seqs] NC_030878.1 Fusarium poae partitivirus 2 genomic RNA, segment 1, complete sequence [...]
0.719686	1/1000	1	0.00203206	GCF_001725895.1_ViralProj342507_genomic.fna.gz	NC_030884.1 Sulfolobus islandicus rudivirus 3 isolate SIRV3, complete genome
0.719686	1/1000	2	0.00203206	GCF_001729445.1_ASM172944v1_genomic.fna.gz	[231 seqs] NZ_MAID01000001.1 Bacillus cereus strain A50 contig_1, whole genome shotgun sequence [...]
0.719686	1/1000	1	0.00203206	GCF_001743425.1_ASM174342v1_genomic.fna.gz	[559 seqs] NZ_MIZW01000001.1 Staphylococcus haemolyticus strain IIF2SW-P5 scaffold_0, whole genome shotgun sequence [...]
0.719686	1/1000	1	0.00203206	GCF_001745635.1_ViralProj344103_genomic.fna.gz	NC_031127.1 Erwinia phage vB_EamM_Huxley, complete genome
0.719686	1/1000	1	0.00203206	GCF_001746225.1_ASM174622v1_genomic.fna.gz	[77 seqs] NZ_LZOF01000001.1 Brachyspira hampsonii strain NSH-16 Bham-ST3-NSH16_CONTIG_100_coverage_825.96, whole genome shotgun sequence [...]
0.719686	1/1000	1	0.00203206	GCF_001749845.1_ASM174984v1_genomic.fna.gz	[20 seqs] NZ_MJOD01000001.1 Listeria monocytogenes strain NRRL B-33014 PROKKA_contig000001, whole genome shotgun sequence [...]
0.768798	4/1000	1	7.07926e-13	GCF_001749885.1_ASM174988v1_genomic.fna.gz	[17 seqs] NZ_MJOK01000001.1 Listeria monocytogenes strain NRRL B-33406 PROKKA_contig000001, whole genome shotgun sequence [...]
0.719686	1/1000	1	0.00203206	GCF_001752155.1_ASM175215v1_genomic.fna.gz	[11 seqs] NZ_MJTT01000001.1 Listeria monocytogenes strain CFSAN002277 PROKKA_contig000001, whole genome shotgun sequence [...]
0.719686	1/1000	1	0.00203206	GCF_001752255.1_ASM175225v1_genomic.fna.gz	[13 seqs] NZ_MJTZ01000001.1 Listeria monocytogenes strain CFSAN002285 PROKKA_contig000001, whole genome shotgun sequence [...]
0.719686	1/1000	1	0.00203206	GCF_001753205.1_ASM175320v1_genomic.fna.gz	NZ_CP017560.1 Lysinibacillus sphaericus strain LMG 22257, complete genome
0.719686	1/1000	4	0.00203206	GCF_001755425.1_ViralProj344324_genomic.fna.gz	NC_031214.1 Shayang Fly Virus 1 strain SYY3-1 glycoprotein (G), putative nucleoprotein (N), and polymerase (L) genes, complete cds
0.719686	1/1000	109	0.00203206	GCF_001755725.1_ViralProj344639_genomic.fna.gz	NC_031259.1 Lishi Spider Virus 2 strain LSZZ-4 ORF1 (ORF1), ORF2 (ORF2), and RNA-dependent RNA polymerase (L) genes, complete cds
0.719686	1/1000	2	0.00203206	GCF_001759465.1_BCW_3815_genomic.fna.gz	[16 seqs] NZ_MKMF01000001.1 Listeria monocytogenes strain NRRL B-33077 PROKKA_contig000001, whole genome shotgun sequence [...]
0.743837	2/1000	1	2.06397e-06	GCF_001759505.1_BCW_3817_genomic.fna.gz	[19 seqs] NZ_MKMH01000001.1 Listeria monocytogenes strain NRRL B-33092 PROKKA_contig000001, whole genome shotgun sequence [...]
0.719686	1/1000	203	0.00203206	GCF_001759605.1_BCW_3822_genomic.fna.gz	[28 seqs] NZ_MKMM01000001.1 Listeria monocytogenes strain NRRL B-33126 PROKKA_contig000001, whole genome shotgun sequence [...]
0.823637	17/1000	52	4.27706e-61	GCF_001759665.1_BCW_3825_genomic.fna.gz	[14 seqs] NZ_MKMP01000001.1 Listeria monocytogenes strain NRRL B-33176 PROKKA_contig000001, whole genome shotgun sequence [...]
0.783786	6/1000	78	9.67512e-20	GCF_001760145.1_BCW_3849_genomic.fna.gz	[7 seqs] NZ_MKNN01000001.1 Listeria monocytogenes strain NRRL B-33371 PROKKA_contig000001, whole genome shotgun sequence [...]
0.719686	1/1000	1	0.00203206	GCF_001760235.1_BCW_3854_genomic.fna.gz	[13 seqs] NZ_MKNS01000001.1 Listeria monocytogenes strain NRRL B-33376 PROKKA_contig000001, whole genome shotgun sequence [...]
0.743837	2/1000	2	2.06397e-06	GCF_001760365.1_BCW_3860_genomic.fna.gz	[9 seqs] NZ_MKNY01000001.1 Listeria monocytogenes strain NRRL B-33382 PROKKA_contig000001, whole genome shotgun sequence [...]
0.719686	1/1000	1	0.00203206	GCF_001760395.1_BCW_3862_genomic.fna.gz	[12 seqs] NZ_MKOA01000001.1 Listeria monocytogenes strain NRRL B-33384 PROKKA_contig000001, whole genome shotgun sequence [...]
0.719686	1/1000	73	0.00203206	GCF_001760525.1_BCW_3868_genomic.fna.gz	[15 seqs] NZ_MKOG01000001.1 Listeria monocytogenes strain NRRL B-33400 PROKKA_contig000001, whole genome shotgun sequence [...]
0.719686	1/1000	1	0.00203206	GCF_001760545.1_BCW_3869_genomic.fna.gz	[16 seqs] NZ_MKOH01000001.1 Listeria monocytogenes strain NRRL B-33402 PROKKA_contig000001, whole genome shotgun sequence [...]
0.719686	1/1000	2	0.00203206	GCF_001760615.1_BCW_3873_genomic.fna.gz	[15 seqs] NZ_MKOL01000001.1 Listeria monocytogenes strain NRRL B-33556 PROKKA_contig000001, whole genome shotgun sequence [...]
0.719686	1/1000	37	0.00203206	GCF_001760735.1_BCW_3879_genomic.fna.gz	[52 seqs] NZ_MKOR01000001.1 Listeria monocytogenes strain NRRL B-33574 PROKKA_contig000001, whole genome shotgun sequence [...]
1	1000/1000	98	0	GCF_001761015.1_BCW_3893_genomic.fna.gz	[14 seqs] NZ_MKPF01000001.1 Listeria monocytogenes strain NRRL B-33660 PROKKA_contig000001, whole genome shotgun sequence [...]
0.719686	1/1000	1	0.00203206	GCF_001761065.1_BCW_3895_genomic.fna.gz	[15 seqs] NZ_MKPH01000001.1 Listeria monocytogenes strain NRRL B-33793 PROKKA_contig000001, whole genome shotgun sequence [...]
0.719686	1/1000	1	0.00203206	GCF_001761225.1_BCW_3903_genomic.fna.gz	[15 seqs] NZ_MKPP01000001.1 Listeria monocytogenes strain NRRL B-33811 PROKKA_contig000001, whole genome shotgun sequence [...]
0.719686	1/1000	2	0.00203206	GCF_001825855.1_ASM182585v1_genomic.fna.gz	[15 seqs] NZ_MJNK01000001.1 Listeria monocytogenes strain BCW_3912 PROKKA_contig000001, whole genome shotgun sequence [...]
0.758338	3/1000	1	1.39643e-09	GCF_001825865.1_ASM182586v1_genomic.fna.gz	[17 seqs] NZ_MJNL01000001.1 Listeria monocytogenes strain BCW_3913 PROKKA_contig000001, whole genome shotgun sequence [...]
0.803086	10/1000	87	3.18872e-34	GCF_001826075.1_ASM182607v1_genomic.fna.gz	[20 seqs] NZ_MJNV01000001.1 Listeria monocytogenes strain BCW_3923 PROKKA_contig000001, whole genome shotgun sequence [...]
0.768798	4/1000	61	7.07926e-13	GCF_001826295.1_ASM182629v1_genomic.fna.gz	[10 seqs] NZ_MJOI01000001.1 Listeria monocytogenes strain BCW_3934 PROKKA_contig000001, whole genome shotgun sequence [...]
0.719686	1/1000	2	0.00203206	GCF_001826455.1_ASM182645v1_genomic.fna.gz	[32 seqs] NZ_MJOR01000001.1 Listeria monocytogenes strain BCW_3944 PROKKA_contig000001, whole genome shotgun sequence [...]
0.719686	1/1000	2	0.00203206	GCF_001876915.1_ViralMultiSegProj353086_genomic.fna.gz	[2 seqs] NC_031764.1 Passionfruit leaf distortion virus isolate Colombia-Valle-2014 segment A, complete sequence [...]
0.719686	1/1000	1	0.00203206	GCF_001880185.1_ASM188018v1_genomic.fna.gz	[29 seqs] NZ_CP013149.1 Lactobacillus plantarum strain MF1298, complete genome [...]
0.719686	1/1000	38	0.00203206	GCF_001882315.1_ViralProj353670_genomic.fna.gz	NC_031924.1 Salmonella phage IME207, complete genome
0.719686	1/1000	2	0.00203206	GCF_001886035.1_ASM188603v1_genomic.fna.gz	[85 seqs] NZ_JXKV01000001.1 Enterococcus mundtii strain DSM 4838 Scaffold1, whole genome shotgun sequence [...]
0.743837	2/1000	130	2.06397e-06	GCF_001891125.1_ASM189112v1_genomic.fna.gz	[2 seqs] NZ_CP015247.1 Leuconostoc mesenteroides subsp. suionicum strain DSM 20241, complete genome [...]
0.719686	1/1000	38	0.00203206	GCF_001908335.1_ASM190833v1_genomic.fna.gz	NZ_CP016213.1 Listeria monocytogenes strain CFSAN029793, complete genome
0.719686	1/1000	3	0.00203206	GCF_001909095.1_ASM190909v1_genomic.fna.gz	[120 seqs] NZ_LVYZ01000001.1 Paenibacillus sp. P46E scaffold_0, whole genome shotgun sequence [...]
0.719686	1/1000	3	0.00203206	GCF_001921395.1_ViralProj358545_genomic.fna.gz	NC_032128.1 Wuhan spider virus 2 strain spider133995 hypothetical protein gene, complete cds
0.743837	2/1000	224	2.06397e-06	GCF_001923835.1_ViralProj358960_genomic.fna.gz	NC_032188.1 Hubei sobemo-like virus 36 strain spider124913 hypothetical protein 1 and hypothetical protein 2 genes, complete cds
0.719686	1/1000	1	0.00203206	GCF_001924075.1_ViralProj358923_genomic.fna.gz	NC_032245.1 Hubei myriapoda virus 8 strain WGML66308 putative glycoprotein, hypothetical protein 1, hypothetical protein 2, and RNA-dependent RNA polymerase genes, complete cds
0.719686	1/1000	1	0.00203206	GCF_001924875.1_ViralProj358990_genomic.fna.gz	NC_032205.1 Beihai picorna-like virus 73 strain BHTH16077 hypothetical protein gene, complete cds
0.719686	1/1000	56	0.00203206	GCF_001925875.1_ViralProj359328_genomic.fna.gz	NC_032483.1 Xingshan nematode virus 1 strain XSNXC21749 hypothetical protein genes, complete cds
0.719686	1/1000	250	0.00203206	GCF_001938255.1_ASM193825v1_genomic.fna.gz	[171 seqs] NZ_MNAS01000001.1 [Haemophilus] parasuis strain H47 Scaffold1, whole genome shotgun sequence [...]
0.719686	1/1000	1	0.00203206	GCF_001939275.1_ASM193927v1_genomic.fna.gz	[19 seqs] NZ_MJUD01000001.1 Listeria seeligeri strain BCW_4759 PROKKA_contig000001, whole genome shotgun sequence [...]
0.719686	1/1000	1	0.00203206	GCF_001953785.1_ASM195378v1_genomic.fna.gz	[18 seqs] NZ_MPSN01000001.1 Lactobacillus murinus strain EF-1 WT_MP_R1_trim_repaired__paired__contig_1, whole genome shotgun sequence [...]
0.719686	1/1000	30	0.00203206	GCF_001957315.1_ViralProj361690_genomic.fna.gz	NC_032989.1 Wenzhou shrimp virus 4 strain WZRBX43306 hypothetical protein 1 and hypothetical protein 2 genes, complete cds
0.719686	1/1000	108	0.00203206	GCF_001958775.1_ViralProj361716_genomic.fna.gz	NC_032966.1 Wenzhou picorna-like virus 36 strain WZRBX14225 hypothetical protein gene, complete cds
0.719686	1/1000	48	0.00203206	GCF_001958995.1_ViralProj361760_genomic.fna.gz	NC_032827.1 Wenzhou bivalvia virus 1 strain beimix75829 hypothetical protein gene, complete cds
0.719686	1/1000	40	0.00203206	GCF_001962955.1_ViralProj361892_genomic.fna.gz	NC_033247.1 Hubei virga-like virus 7 strain QTM27262 hypothetical protein genes, complete cds
0.719686	1/1000	1	0.00203206	GCF_001963235.1_ViralProj361950_genomic.fna.gz	NC_033176.1 Cynomolgus cytomegalovirus isolate 31908, complete genome
0.719686	1/1000	1	0.00203206	GCF_001963675.1_ViralProj361919_genomic.fna.gz	NC_033273.1 Hibiscus leaf curl alphasatellite alpha Rep gene, isolate C22A1
0.719686	1/1000	1	0.00203206	GCF_001964335.1_ViralProj362051_genomic.fna.gz	NC_032897.1 Hubei diptera virus 15 strain SCM95219 hypothetical protein 1 and hypothetical protein 2 genes, complete cds
0.719686	1/1000	1	0.00203206	GCF_001964515.1_ViralProj362061_genomic.fna.gz	NC_032922.1 Hubei coleoptera virus 3 strain QCM109726 putative glycoprotein, hypothetical protein, and RNA-dependent RNA polymerase genes, complete cds
0.719686	1/1000	1	0.00203206	GCF_001965135.1_ViralProj362044_genomic.fna.gz	NC_032896.1 Hubei hepe-like virus 2 strain WHCC101555 hypothetical protein genes, complete cds
0.719686	1/1000	1	0.00203206	GCF_001965535.1_ViralProj362124_genomic.fna.gz	NC_032766.1 Hubei orthoptera virus 1 strain ZCM21319 hypothetical protein 1 and hypothetical protein 2 genes, complete cds
0.743837	2/1000	1	2.06397e-06	GCF_001967075.1_ViralProj362151_genomic.fna.gz	NC_032776.1 Hubei picorna-like virus 29 strain arthropodmix14031 hypothetical protein gene, complete cds
0.719686	1/1000	1	0.00203206	GCF_001967415.1_ViralProj361628_genomic.fna.gz	NC_033256.1 Hubei picorna-like virus 68 strain WHWG56209 hypothetical protein gene, complete cds
0.719686	1/1000	5	0.00203206	GCF_001967555.1_ViralProj361657_genomic.fna.gz	NC_032764.1 Hubei tick virus 1 strain tick109202 hypothetical protein gene, complete cds
0.743837	2/1000	147	2.06397e-06	GCF_001967875.1_ViralProj361619_genomic.fna.gz	NC_032812.1 Hubei picorna-like virus 76 strain WGML143182 hypothetical protein 1, hypothetical protein 2, and hypothetical protein 3 genes, complete cds
0.719686	1/1000	2	0.00203206	GCF_001968055.1_ViralProj361656_genomic.fna.gz	NC_032758.1 Hubei tick virus 2 strain tick109131 hypothetical protein gene, complete cds
0.719686	1/1000	216	0.00203206	GCF_001968615.1_ViralProj361654_genomic.fna.gz	NC_032992.1 Hubei tombus-like virus 1 strain WHWN54407 hypothetical protein 1, hypothetical protein 2, hypothetical protein 3, and hypothetical protein 4 genes, complete cds
0.719686	1/1000	13	0.00203206	GCF_001974055.1_ViralProj368933_genomic.fna.gz	NC_033457.1 Wuhan insect virus 19 strain WHCCII13334 1ab, hypothetical protein, and putative structural polyprotein genes, complete cds
0.719686	1/1000	139	0.00203206	GCF_001989575.1_ASM198957v1_genomic.fna.gz	NZ_CP019573.1 Staphylococcaceae bacterium S31, complete genome
0.719686	1/1000	2	0.00203206	GCF_001998885.1_ASM199888v1_genomic.fna.gz	NZ_CP019609.1 Vagococcus penaei strain CD276, complete genome
0.719686	1/1000	1	0.00203206	GCF_002000435.1_ASM200043v1_genomic.fna.gz	[105 seqs] NZ_MLHO01000001.1 Rodentibacter genomosp. 2 strain 1996246016 contig_1, whole genome shotgun sequence [...]
0.719686	1/1000	1	0.00203206	GCF_002002625.1_ASM200262v1_genomic.fna.gz	[37 seqs] NZ_ANNP01000001.1 Legionella pneumophila subsp. pneumophila str. Mississauga Cont14, whole genome shotgun sequence [...]
0.719686	1/1000	1	0.00203206	GCF_002003955.1_ViralMultiSegProj375038_genomic.fna.gz	[3 seqs] NC_033774.1 Pepper chlorotic spot virus isolate 14YV733 segment L, complete sequence [...]
0.719686	1/1000	1	0.00203206	GCF_002004235.1_ViralProj375031_genomic.fna.gz	NC_033722.1 Wuhan insect virus 33 strain WHCCII11871 hypothetical protein 1 and hypothetical protein 2 genes, complete cds
0.719686	1/1000	1	0.00203206	GCF_002004515.1_ViralProj375025_genomic.fna.gz	NC_033735.1 Wuhan nido-like virus 1 strain SCM49454 1ab, hypothetical protein, and putative structural polyprotein genes, complete cds
0.719686	1/1000	6	0.00203206	GCF_002008345.1_ASM200834v1_genomic.fna.gz	[138 seqs] NZ_MRAE01000001.1 Clostridium sp. IEH 97212 scaffold_0, whole genome shotgun sequence [...]
0.719686	1/1000	3	0.00203206	GCF_002008515.1_ViralProj376197_genomic.fna.gz	NC_033792.1 Qinghai Himalayan marmot astrovirus 1 isolate HHMAstV1, complete genome
0.719686	1/1000	1	0.00203206	GCF_002008655.1_ViralProj376933_genomic.fna.gz	NC_033821.1 Qinghai Himalayan marmot astrovirus 2 isolate HHMAstV2, complete genome
0.719686	1/1000	79	0.00203206	GCF_002009625.1_ASM200962v1_genomic.fna.gz	[98 seqs] NZ_MWKN01000001.1 Candidatus Phytoplasma aurantifolia strain WBDL phyWBDL_0002, whole genome shotgun sequence [...]
0.743837	2/1000	104	2.06397e-06	GCF_002028105.1_ASM202810v1_genomic.fna.gz	[8 seqs] NZ_MVES01000001.1 Listeria monocytogenes strain MQ150001 MQ150001_contig1, whole genome shotgun sequence [...]
0.719686	1/1000	1	0.00203206	GCF_002029295.1_ASM202929v1_genomic.fna.gz	[40 seqs] NZ_MZGW01000001.1 [Clostridium] thermoalcaliphilum strain DSM 7309 CLOTH_contig000001, whole genome shotgun sequence [...]
0.719686	1/1000	30	0.00203206	GCF_900036265.1_12754_5_55_genomic.fna.gz	[8 seqs] NZ_FFFN01000001.1 Listeria monocytogenes strain 2842STDY5753938 genome assembly, contig: ERS409685SCcontig000001, whole genome shotgun sequence [...]
0.743837	2/1000	2835	2.06397e-06	GCF_900080145.1_TREMTM_genomic.fna.gz	[4 seqs] NZ_FLRF01000004.1 Candidatus Tremblaya princeps isolate TREMTM, whole genome shotgun sequence [...]
0.719686	1/1000	3	0.00203206	GCF_900088345.1_STT-1-2-12-Cm_genomic.fna.gz	[69 seqs] NZ_FLQN01000001.1 Helicobacter pylori isolate STT-1-2-12-Cm, whole genome shotgun sequence [...]
0.719686	1/1000	1	0.00203206	GCF_900094145.1_CNCM_I-4031_genomic.fna.gz	[2 seqs] NZ_LT603685.1 Lactococcus piscium strain CNCM I-4031 chromosome I, whole genome shotgun sequence [...]
0.719686	1/1000	1	0.00203206	GCF_900103695.1_IMG-taxon_2675902964_annotated_assembly_genomic.fna.gz	[13 seqs] NZ_FNHF01000013.1 Sediminibacillus halophilus strain CGMCC 1.6199, whole genome shotgun sequence [...]
0.719686	1/1000	1	0.00203206	GCF_900104565.1_PRJEB16354_genomic.fna.gz	[7 seqs] NZ_LT629946.1 Ruminococcaceae bacterium Marseille-P2935, whole genome shotgun sequence [...]
0.719686	1/1000	1	0.00203206	GCF_900104615.1_PRJEB16353_genomic.fna.gz	[3 seqs] NZ_LT629937.1 Phocea massiliensis strain Marseille-P2769, whole genome shotgun sequence [...]
0.719686	1/1000	1	0.00203206	GCF_900104635.1_PRJEB16356_genomic.fna.gz	[7 seqs] NZ_FNWC01000006.1 Tyzzerella sp. Marseille-P3062, whole genome shotgun sequence [...]
0.719686	1/1000	1	0.00203206	GCF_900129565.1_IMG-taxon_2675903007_annotated_assembly_genomic.fna.gz	[19 seqs] NZ_FQWD01000018.1 Aestuariibacter aggregatus strain CGMCC 1.8995, whole genome shotgun sequence [...]
0.719686	1/1000	1	0.00203206	GCF_900142005.1_IMG-taxon_2585428150_annotated_assembly_genomic.fna.gz	[81 seqs] NZ_FQZL01000080.1 Dethiosulfatibacter aminovorans DSM 17477, whole genome shotgun sequence [...]
0.719686	1/1000	1	0.00203206	GCF_900148305.1_LRJ19_genomic.fna.gz	[183 seqs] NZ_FRWU01000180.1 Pseudomonas aeruginosa isolate LRJ19, whole genome shotgun sequence [...]
0.719686	1/1000	1	0.00203206	GCF_900169615.1_5479_genomic.fna.gz	[892 seqs] NZ_FWDT01000892.1 Listeria monocytogenes isolate 5479, whole genome shotgun sequence [...]
