0.743837	2/1000	1	1.6505e-06	GCF_000003085.2_ASM308v2_genomic.fna.gz	[5687 seqs] NW_862602.3 Plasmodium yoelii yoelii str. 17XNL MALPY00001, whole genome shotgun sequence [...]
0.719686	1/1000	1	0.00181722	GCF_000004825.1_PolPal_Dec2009_genomic.fna.gz	[43 seqs] NC_013781.1 Polysphondylium pallidum plasmid PPN500, complete sequence [...]
0.719686	1/1000	56	0.00181722	GCF_000007365.1_ASM736v1_genomic.fna.gz	NC_004061.1 Buchnera aphidicola str. Sg (Schizaphis graminum), complete genome
0.719686	1/1000	1	0.00181722	GCF_000010585.1_ASM1058v1_genomic.fna.gz	[9 seqs] NC_011999.1 Macrococcus caseolyticus JCSC5402 DNA, complete genome [...]
0.719686	1/1000	1	0.00181722	GCF_000011825.1_ASM1182v1_genomic.fna.gz	NC_006448.1 Streptococcus thermophilus LMG 18311, complete genome
0.719686	1/1000	2	0.00181722	GCF_000014225.1_ASM1422v1_genomic.fna.gz	NC_008228.1 Pseudoalteromonas atlantica T6c, complete genome
0.719686	1/1000	1	0.00181722	GCF_000020365.1_ASM2036v1_genomic.fna.gz	[2 seqs] NC_012108.1 Desulfobacterium autotrophicum HRM2, complete genome [...]
0.719686	1/1000	1	0.00181722	GCF_000090945.1_ASM9094v1_genomic.fna.gz	[11 seqs] NZ_GL349422.1 Peptoniphilus sp. oral taxon 386 str. F0131 supercont1.1, whole genome shotgun sequence [...]
0.719686	1/1000	2	0.00181722	GCF_000145705.1_ASM14570v1_genomic.fna.gz	NC_014448.1 Mycoplasma hyorhinis HUB-1, complete genome
0.719686	1/1000	2	0.00181722	GCF_000149585.1_ASM14958v1_genomic.fna.gz	[280 seqs] NW_001813913.1 Ajellomyces capsulatus NAm1 scaffold_99 genomic scaffold, whole genome shotgun sequence [...]
0.719686	1/1000	1	0.00181722	GCF_000156575.1_ASM15657v1_genomic.fna.gz	[251 seqs] NZ_GG666294.1 Anaerococcus lactolyticus ATCC 51172 genomic scaffold SCAFFOLD251, whole genome shotgun sequence [...]
0.719686	1/1000	1	0.00181722	GCF_000160015.1_ASM16001v1_genomic.fna.gz	[3 seqs] NZ_GG667606.1 Veillonella dispar ATCC 17748 Scfld2, whole genome shotgun sequence [...]
0.719686	1/1000	4	0.00181722	GCF_000161975.1_ASM16197v1_genomic.fna.gz	NZ_GG688422.1 Eubacterium saphenum ATCC 49989 Scfld0, whole genome shotgun sequence
0.719686	1/1000	1	0.00181722	GCF_000164985.3_ASM16498v2_genomic.fna.gz	[2 seqs] NC_014622.2 Paenibacillus polymyxa SC2, complete genome [...]
0.719686	1/1000	1	0.00181722	GCF_000166415.1_ASM16641v1_genomic.fna.gz	NC_014654.1 Halanaerobium hydrogeniformans, complete genome
0.719686	1/1000	1	0.00181722	GCF_000167395.1_ASM16739v1_genomic.fna.gz	[20 seqs] NZ_AAFJ01000017.1 Campylobacter upsaliensis RM3195 map unlocalized plasmid pCU110 cont176, whole genome shotgun sequence [...]
0.719686	1/1000	2	0.00181722	GCF_000168295.1_ASM16829v1_genomic.fna.gz	[2 seqs] NZ_AAQJ02000002.1 Rickettsiella grylli gcontig_634, whole genome shotgun sequence [...]
0.743837	2/1000	77	1.6505e-06	GCF_000168415.1_ASM16841v1_genomic.fna.gz	[457 seqs] NZ_AARK02000457.1 Listeria monocytogenes FSL J1-175 cont3.457, whole genome shotgun sequence [...]
0.719686	1/1000	1	0.00181722	GCF_000168595.2_ASM16859v2_genomic.fna.gz	NC_017547.1 Listeria monocytogenes Finland 1998, complete genome
0.719686	1/1000	1	0.00181722	GCF_000176155.1_ASM17615v1_genomic.fna.gz	[11 seqs] NZ_ACZO01000011.1 Vibrio metschnikovii CIP 69.14 VIB.Contig153, whole genome shotgun sequence [...]
0.719686	1/1000	7	0.00181722	GCF_000183405.1_ASM18340v1_genomic.fna.gz	[2 seqs] NC_014758.1 Calditerrivibrio nitroreducens DSM 19672, complete genome [...]
0.768798	4/1000	65	4.52647e-13	GCF_000183905.1_ASM18390v1_genomic.fna.gz	NZ_CM001049.1 Listeria innocua FSL J1-023 chromosome, whole genome shotgun sequence
0.719686	1/1000	1	0.00181722	GCF_000215285.1_ASM21528v2_genomic.fna.gz	[13 seqs] NZ_AFAC02000013.1 Escherichia coli 3.3884 Contig1, whole genome shotgun sequence [...]
0.719686	1/1000	1	0.00181722	GCF_000217795.1_ASM21779v1_genomic.fna.gz	NC_015681.1 Thermodesulfatator indicus DSM 15286, complete genome
0.719686	1/1000	53	0.00181722	GCF_000233435.1_ASM23343v1_genomic.fna.gz	[2 seqs] NC_016146.1 Blattabacterium sp. (Mastotermes darwiniensis) str. MADAR, complete genome [...]
0.719686	1/1000	52	0.00181722	GCF_000238755.1_Campylobacter_sp_10_1_50_V1_genomic.fna.gz	[13 seqs] NZ_JH414887.1 Campylobacter sp. 10_1_50 genomic scaffold supercont1.1, whole genome shotgun sequence [...]
0.719686	1/1000	2	0.00181722	GCF_000241405.1_ASM24140v1_genomic.fna.gz	[17 seqs] NZ_JH556634.1 Listeria innocua ATCC 33091 genomic scaffold Scfld0, whole genome shotgun sequence [...]
0.719686	1/1000	1	0.00181722	GCF_000247565.1_ASM24756v1_genomic.fna.gz	NC_016893.1 Wigglesworthia glossinidia endosymbiont of Glossina morsitans morsitans (Yale colony), complete genome
0.719686	1/1000	1	0.00181722	GCF_000252975.1_ASM25297v1_genomic.fna.gz	NC_016011.1 Listeria ivanovii subsp. ivanovii PAM 55, complete genome
0.719686	1/1000	5	0.00181722	GCF_000253095.1_ASM25309v1_genomic.fna.gz	NC_017521.1 Mycoplasma leachii 99/014/6 complete genome
0.719686	1/1000	2	0.00181722	GCF_000253335.1_ASM25333v1_genomic.fna.gz	NC_015760.1 Streptococcus salivarius CCHSS3 complete genome
0.719686	1/1000	1	0.00181722	GCF_000262085.1_AeroviriLL11.0_genomic.fna.gz	[31 seqs] NZ_AJTG01000001.1 Aerococcus viridans LL1 Contig1, whole genome shotgun sequence [...]
0.719686	1/1000	1	0.00181722	GCF_000262305.1_ASM26230v1_genomic.fna.gz	NC_017910.1 Shimwellia blattae DSM 4481 = NBRC 105725, complete genome
0.719686	1/1000	1	0.00181722	GCF_000263275.1_Helicobacter_bizzozeronii_CCUG_35545_genomic.fna.gz	[147 seqs] NZ_CAGP01000001.1 Helicobacter bizzozeronii CCUG 35545 WGS project CAGP00000000 data, contig tsc_rep_c156, whole genome shotgun sequence [...]
0.719686	1/1000	1	0.00181722	GCF_000273625.1_PB_Fuso_sp_7_1_V1_genomic.fna.gz	[4 seqs] NZ_AKBT01000001.1 Fusobacterium nucleatum subsp. animalis 7_1 cont1.1, whole genome shotgun sequence [...]
0.743837	2/1000	2	1.6505e-06	GCF_000279915.1_ASM27991v1_genomic.fna.gz	[14 seqs] NZ_ALCW01000001.1 Streptococcus pneumoniae GA62681 GA62681.contig.0, whole genome shotgun sequence [...]
0.743837	2/1000	192	1.6505e-06	GCF_000283975.1_ASM28397v1_genomic.fna.gz	[2 seqs] NC_016938.1 Melissococcus plutonius DAT561 DNA, complete genome [...]
0.743837	2/1000	1	1.6505e-06	GCF_000286675.1_ASM28667v1_genomic.fna.gz	NC_018406.1 Mycoplasma gallisepticum VA94_7994-1-7P, complete genome
0.768798	4/1000	1	4.52647e-13	GCF_000287295.1_ASM28729v1_genomic.fna.gz	NC_018417.1 Candidatus Carsonella ruddii HT isolate Thao2000, complete genome
0.719686	1/1000	1	0.00181722	GCF_000295935.2_IndiAl02_genomic.fna.gz	[56 seqs] NZ_ALWO02000056.1 Indibacter alkaliphilus LW1 Indibacter_contig_30, whole genome shotgun sequence [...]
0.719686	1/1000	1	0.00181722	GCF_000297655.1_Fuso_PO_Taxon_201_D10_V1_genomic.fna.gz	[150 seqs] NZ_JH815332.1 Fusobacterium periodonticum D10 genomic scaffold supercont1.1, whole genome shotgun sequence [...]
0.719686	1/1000	1	0.00181722	GCF_000297795.2_ASM29779v2_genomic.fna.gz	[32 seqs] NZ_HF541865.1 Turicella otitidis ATCC 51513 genomic scaffold, scaffold00001, whole genome shotgun sequence [...]
0.719686	1/1000	222	0.00181722	GCF_000304715.1_2F_v3c_genomic.fna.gz	[46 seqs] NZ_ALXF01000001.1 Lactobacillus florum 2F Contig00001, whole genome shotgun sequence [...]
0.719686	1/1000	1	0.00181722	GCF_000307225.1_ASM30722v1_genomic.fna.gz	[19 seqs] NZ_HE978616.1 Anaerococcus vaginalis strain PH9, whole genome shotgun sequence [...]
0.719686	1/1000	1	0.00181722	GCF_000308655.1_ASM30865v1_genomic.fna.gz	[114 seqs] NZ_BAGC01000114.1 Nocardia niigatensis NBRC 100131, whole genome shotgun sequence [...]
0.719686	1/1000	1	0.00181722	GCF_000309315.1_ASM30931v1_genomic.fna.gz	[1164 seqs] NZ_CANG01001164.1 Sedimentibacter sp. B4 WGS project CANG00000000 data, contig SED_contig02143, whole genome shotgun sequence [...]
0.719686	1/1000	1	0.00181722	GCF_000321025.1_ASM32102v1_genomic.fna.gz	[29 seqs] NZ_HE610717.1 Peptoniphilus senegalensis JC140, type strain JC140T, genomic scaffold, scaffold00001, whole genome shotgun sequence [...]
0.719686	1/1000	25	0.00181722	GCF_000340795.1_ASM34079v1_genomic.fna.gz	NC_020294.1 Candidatus Kinetoplastibacterium desouzaii TCC079E, complete genome
0.719686	1/1000	1	0.00181722	GCF_000376625.1_ASM37662v1_genomic.fna.gz	NC_021083.1 Mycoplasma putrefaciens Mput9231, complete genome
0.719686	1/1000	1	0.00181722	GCF_000378205.1_ASM37820v1_genomic.fna.gz	[75 seqs] NZ_KB899406.1 Sediminispirochaeta bajacaliforniensis DSM 16054 F459DRAFT_scaffold00001.1, whole genome shotgun sequence [...]
0.719686	1/1000	1	0.00181722	GCF_000379445.1_ASM37944v1_genomic.fna.gz	[37 seqs] NZ_KB902239.1 Fangia hongkongensis DSM 21703 genomic scaffold A37QDRAFT_scaffold_0.1, whole genome shotgun sequence [...]
0.719686	1/1000	1	0.00181722	GCF_000392595.1_PleShi1.0_genomic.fna.gz	[296 seqs] NZ_AQQO01000002.1 Plesiomonas shigelloides 302-73 contig00002, whole genome shotgun sequence [...]
0.719686	1/1000	1	0.00181722	GCF_000395345.1_CupWS1.0_genomic.fna.gz	[785 seqs] NZ_AQPL01000001.1 Cupriavidus sp. WS contig1_scaffold1, whole genome shotgun sequence [...]
0.719686	1/1000	1	0.00181722	GCF_000403135.1_ArSv1_genomic.fna.gz	[149 seqs] NZ_AQPN01000001.1 Arcticibacter svalbardensis MN12-7 contig00022, whole genome shotgun sequence [...]
0.719686	1/1000	29	0.00181722	GCF_000420385.1_ASM42038v1_genomic.fna.gz	[4 seqs] NZ_ATUV01000001.1 Hippea alviniae EP5-r G415DRAFT_scaffold00001.1_C, whole genome shotgun sequence [...]
0.719686	1/1000	1	0.00181722	GCF_000423745.1_ASM42374v1_genomic.fna.gz	[33 seqs] NZ_AUIO01000001.1 Streptococcus plurextorum DSM 22810 G575DRAFT_scaffold00001.1_C, whole genome shotgun sequence [...]
0.719686	1/1000	1	0.00181722	GCF_000425005.1_ASM42500v1_genomic.fna.gz	[169 seqs] NZ_AUKY01000001.1 Solobacterium moorei DSM 22971 H345DRAFT_scaffold00001.1_C, whole genome shotgun sequence [...]
0.719686	1/1000	1	0.00181722	GCF_000427665.1_ASM42766v1_genomic.fna.gz	[5 seqs] NZ_KE386572.1 Geminicoccus roseus DSM 18922 genomic scaffold GemroDRAFT_scaffold1.1, whole genome shotgun sequence [...]
0.743837	2/1000	156	1.6505e-06	GCF_000438455.1_Nosocomiicoccus_NP2_v1_genomic.fna.gz	[154 seqs] NZ_CAVG010000001.1 Nosocomiicoccus sp. NP2 WGS project CAVG000000000 data, contig 00001, whole genome shotgun sequence [...]
0.719686	1/1000	1	0.00181722	GCF_000439455.1_ASM43945v1_genomic.fna.gz	NC_021833.1 Spiroplasma diminutum CUAS-1, complete genome
0.719686	1/1000	1	0.00181722	GCF_000455285.1_Sm_AP9_genomic.fna.gz	[24 seqs] NZ_HG005284.1 Erysipelotrichaceae bacterium AP9 genomic scaffold, scaffold00001, whole genome shotgun sequence [...]
0.719686	1/1000	1	0.00181722	GCF_000463585.1_ASM46358v1_genomic.fna.gz	[12249 seqs] NW_010960187.1 Tarenaya hassleriana unplaced genomic scaffold, ASM46358v1 Cleome1, whole genome shotgun sequence [...]
0.719686	1/1000	1	0.00181722	GCF_000472625.1_ASM47262v1_genomic.fna.gz	[65 seqs] NZ_AXAA01000001.1 Caloramator sp. ALD01 A3M9DRAFT_scaffold_0.1_C, whole genome shotgun sequence [...]
0.719686	1/1000	1	0.00181722	GCF_000499525.1_Clostridium_dakarense_01_genomic.fna.gz	[257 seqs] NZ_HG529224.1 [Clostridium] dakarense strain FF1, whole genome shotgun sequence [...]
0.719686	1/1000	1	0.00181722	GCF_000511025.2_RefBeet-1.2.2_genomic.fna.gz	[40246 seqs] NC_025812.2 Beta vulgaris subsp. vulgaris chromosome 1, RefBeet-1.2.2, whole genome shotgun sequence [...]
0.719686	1/1000	1	0.00181722	GCF_000518245.1_ASM51824v1_genomic.fna.gz	[22 seqs] NZ_KI912402.1 Brachyspira alvinipulli ATCC 51933 genomic scaffold T324DRAFT_scaffold00001.1, whole genome shotgun sequence [...]
0.719686	1/1000	1	0.00181722	GCF_000525835.1_Listeriaceaebacterium_FSL_F6-971_genomic.fna.gz	[62 seqs] NZ_AODD01000001.1 Listeria grandensis FSL F6-0971 c1, whole genome shotgun sequence [...]
0.719686	1/1000	1	0.00181722	GCF_000525895.1_Lgrayisubspmurrayi_genomic.fna.gz	[35 seqs] NZ_AODG01000001.1 Listeria grayi FSL F6-1183 c1, whole genome shotgun sequence [...]
0.719686	1/1000	1	0.00181722	GCF_000526015.1_LfleischmanniiFL_genomic.fna.gz	[126 seqs] NZ_AODM01000001.1 Listeria fleischmannii FSL S10-1203 c1, whole genome shotgun sequence [...]
0.719686	1/1000	1	0.00181722	GCF_000565175.1_ASM56517v1_genomic.fna.gz	NZ_CP006681.1 Spiroplasma culicicola AES-1, complete genome
0.719686	1/1000	1	0.00181722	GCF_000565215.1_ASM56521v1_genomic.fna.gz	NZ_CP006934.1 Spiroplasma sabaudiense Ar-1343, complete genome
0.719686	1/1000	1	0.00181722	GCF_000583375.1_ASM58337v1_genomic.fna.gz	[94 seqs] NZ_JFDB01000001.1 Acinetobacter baumannii 121738 ab121738.contig.0_1, whole genome shotgun sequence [...]
0.719686	1/1000	1	0.00181722	GCF_000619805.1_ASM61980v1_genomic.fna.gz	[16 seqs] NZ_JHUV01000001.1 Sulfurihydrogenibium subterraneum DSM 15120 Q385DRAFT_scaffold00010.10_C, whole genome shotgun sequence [...]
0.719686	1/1000	187	0.00181722	GCF_000691345.1_MhyoNPL4v1.0_of_Mycoplasma_hyosynoviae_strain_NPL4_genome_genomic.fna.gz	[48 seqs] NZ_JFKI01000001.1 Mycoplasma hyosynoviae strain NPL4 contig0001, whole genome shotgun sequence [...]
0.719686	1/1000	1	0.00181722	GCF_000709435.1_ASM70943v1_genomic.fna.gz	NZ_CP008713.1 Candidatus Arthromitus sp. SFB-mouse-NL, complete genome
0.719686	1/1000	1	0.00181722	GCF_000712565.2_ASM71256v2_genomic.fna.gz	[17 seqs] NZ_JOSW02000001.1 Lactobacillus reuteri strain TMW1.656 contig01, whole genome shotgun sequence [...]
0.719686	1/1000	1	0.00181722	GCF_000712995.1_StaCap1.0_genomic.fna.gz	[90 seqs] NZ_JGYJ01000001.1 Staphylococcus capitis strain LNZR-1 contig_1, whole genome shotgun sequence [...]
0.719686	1/1000	6	0.00181722	GCF_000722765.1_ASM72276v1_genomic.fna.gz	[7 seqs] NZ_JPFX01000001.1 Streptococcus mitis strain SK637 gsmSK637.contig.0_1, whole genome shotgun sequence [...]
0.719686	1/1000	1	0.00181722	GCF_000732195.1_ASM73219v1_genomic.fna.gz	[84 seqs] NZ_JNNU01000001.1 Rhizobium vignae strain CCBAU 05176 contig1, whole genome shotgun sequence [...]
0.719686	1/1000	1	0.00181722	GCF_000744495.1_ASM74449v1_genomic.fna.gz	[74 seqs] NZ_JQMA01000001.1 Chryseobacterium sp. CF299 EW67DRAFT_scaffold00001.1_C, whole genome shotgun sequence [...]
0.719686	1/1000	75	0.00181722	GCF_000745125.1_ASM74512v1_genomic.fna.gz	[12 seqs] NZ_JQNF01000001.1 Carnobacterium jeotgali MS3 BP18DRAFT_deg7180000000044_dupTrim_3063.10_C, whole genome shotgun sequence [...]
0.719686	1/1000	1	0.00181722	GCF_000745775.1_ASM74577v1_genomic.fna.gz	[21 seqs] NZ_JQJY01000001.1 Flavobacterium sp. Fl GQ47DRAFT_scaffold00001.1_C, whole genome shotgun sequence [...]
0.719686	1/1000	1	0.00181722	GCF_000746825.1_ASM74682v1_genomic.fna.gz	[6 seqs] NZ_JQIV01000001.1 Carnobacterium inhibens subsp. inhibens DSM 13024 strain K1 BR65DRAFT_deg7180000000013.1_C, whole genome shotgun sequence [...]
0.719686	1/1000	1	0.00181722	GCF_000760015.1_ASM76001v1_genomic.fna.gz	[17 seqs] NZ_JNAN01000001.1 Prochlorococcus marinus str. MIT 9311 contig00006, whole genome shotgun sequence [...]
0.719686	1/1000	1	0.00181722	GCF_000763475.1_ASM76347v1_genomic.fna.gz	NZ_CP009575.1 Listeria ivanovii subsp. londoniensis strain WSLC 30167, complete genome
0.719686	1/1000	1	0.00181722	GCF_000763515.1_ASM76351v1_genomic.fna.gz	NZ_CP009577.1 Listeria ivanovii subsp. ivanovii strain WSLC 3010, complete genome
0.719686	1/1000	1	0.00181722	GCF_000764555.1_ASM76455v1_genomic.fna.gz	NZ_CP009574.1 Francisella sp. FSC1006, complete genome
0.743837	2/1000	1	1.6505e-06	GCF_000766865.1_ASM76686v1_genomic.fna.gz	[31 seqs] NZ_JNFA01000001.1 Listeria booriae strain FSL A5-0281 contig000001, whole genome shotgun sequence [...]
0.719686	1/1000	1	0.00181722	GCF_000784405.1_L31_genomic.fna.gz	[67 seqs] NZ_AYTQ01000001.1 Lactobacillus rhamnosus L31 contig00001, whole genome shotgun sequence [...]
0.719686	1/1000	1	0.00181722	GCF_000805695.1_ASM80569v1_genomic.fna.gz	[237 seqs] NZ_JSYQ01000001.1 Empedobacter falsenii strain 282 contig_1, whole genome shotgun sequence [...]
0.719686	1/1000	1	0.00181722	GCF_000808015.1_pear-SPAdes-1.0_genomic.fna.gz	[166 seqs] NZ_JWHR01000001.1 Terrisporobacter othiniensis strain 08-306576 Contig001, whole genome shotgun sequence [...]
0.719686	1/1000	2	0.00181722	GCF_000808125.1_ASM80812v1_genomic.fna.gz	[70 seqs] NZ_JTCP01000001.1 Listeria monocytogenes strain SLU3267 contig00001, whole genome shotgun sequence [...]
0.719686	1/1000	1	0.00181722	GCF_000829755.1_ASM82975v1_genomic.fna.gz	[34 seqs] NZ_BBPT01000034.1 Parachlamydiaceae bacterium HS-T3 DNA, contig: NODE_49, whole genome shotgun sequence [...]
0.719686	1/1000	1	0.00181722	GCF_000831165.1_ASM83116v1_genomic.fna.gz	NZ_CP007573.1 Streptococcus anginosus strain SA1, complete genome
0.719686	1/1000	1	0.00181722	GCF_000835085.1_ASM83508v1_genomic.fna.gz	NZ_CP006959.1 Mycoplasma capricolum subsp. capripneumoniae 87001, complete genome
0.719686	1/1000	39	0.00181722	GCF_000838565.1_ViralProj14042_genomic.fna.gz	NC_001993.1 Melanoplus sanguinipes entomopoxvirus, complete genome
0.719686	1/1000	23	0.00181722	GCF_000839005.1_ViralProj14135_genomic.fna.gz	NC_002486.1 Staphylococcus prophage phiPV83, complete genome
0.719686	1/1000	38	0.00181722	GCF_000839145.1_ViralProj14166_genomic.fna.gz	NC_003524.1 Clostridium phage phi3626, complete genome
0.768798	4/1000	121	4.52647e-13	GCF_000839905.1_ViralProj14142_genomic.fna.gz	NC_003291.2 Bacteriophage PSA, complete genome
0.758338	3/1000	1	9.9853e-10	GCF_000839985.1_ViralProj14161_genomic.fna.gz	NC_003438.1 Spiroplasma phage 4, complete genome
0.719686	1/1000	1	0.00181722	GCF_000840205.1_ViralProj14196_genomic.fna.gz	NC_004002.1 Sheeppox virus 17077-99, complete genome
0.780868	4/721	1	1.22086e-13	GCF_000840265.1_ViralProj14208_genomic.fna.gz	NC_004092.1 Hollyhock leaf crumple virus satellite DNA, complete genome
0.719686	1/1000	1	0.00181722	GCF_000840825.1_ViralProj14326_genomic.fna.gz	NC_001619.1 Lambdapapillomavirus 2, complete genome
0.719686	1/1000	1	0.00181722	GCF_000842185.1_ViralProj14269_genomic.fna.gz	NC_004679.1 Staphylococcus phage phiP68, complete genome
0.719686	1/1000	9	0.00181722	GCF_000842565.1_ViralProj14351_genomic.fna.gz	NC_005355.1 Lactobacillus prophage Lj965, complete genome
0.719686	1/1000	1	0.00181722	GCF_000844745.1_ViralProj14444_genomic.fna.gz	NC_003403.1 Ageratum yellow vein virus-associated DNA beta, complete genome
0.719686	1/1000	1	0.00181722	GCF_000845705.1_ViralProj14466_genomic.fna.gz	NC_005179.1 Yaba monkey tumor virus, complete genome
0.719686	1/1000	1	0.00181722	GCF_000846485.1_ViralProj14447_genomic.fna.gz	NC_004515.1 Eupatorium yellow vein virus-associated DNA beta, complete genome
0.758338	3/1000	4	9.9853e-10	GCF_000848385.1_ViralProj14678_genomic.fna.gz	NC_001782.1 Saccharomyces cerevisiae killer virus M1, complete genome
0.743837	2/1000	73	1.6505e-06	GCF_000849645.1_ViralProj14589_genomic.fna.gz	NC_003216.1 Listeria phage A118, complete genome
0.719686	1/1000	1	0.00181722	GCF_000850005.1_ViralProj14665_genomic.fna.gz	NC_001494.1 Jaagsiekte sheep retrovirus, complete genome
0.719686	1/1000	1	0.00181722	GCF_000850905.1_ViralMultiSegProj14835_genomic.fna.gz	[2 seqs] NC_004014.1 Sorghum chlorotic spot virus RNA 1, complete sequence [...]
0.743837	2/1000	2	1.6505e-06	GCF_000854045.1_ViralProj14998_genomic.fna.gz	NC_004162.2 Chikungunya virus, complete genome
0.743837	2/1000	1	1.6505e-06	GCF_000854105.2_ViralProj15010_genomic.fna.gz	NC_006441.1 Amasya cherry disease-associated mycovirus, complete genome
0.719686	1/1000	31	0.00181722	GCF_000855205.1_ViralMultiSegProj14932_genomic.fna.gz	[2 seqs] NC_006057.1 Arabis mosaic virus RNA 1, complete sequence [...]
0.719686	1/1000	59	0.00181722	GCF_000856905.1_ViralProj15112_genomic.fna.gz	AC_000016.1 Turkey adenovirus A, complete genome
0.777011	5/1000	1	1.63993e-16	GCF_000857145.1_ViralProj15162_genomic.fna.gz	NC_006957.1 Begomovirus-associated DNA-III, complete genome
0.719686	1/1000	1	0.00181722	GCF_000857465.1_ViralProj15227_genomic.fna.gz	NC_005069.1 Yersinia phage PY54, complete genome
0.719686	1/1000	97	0.00181722	GCF_000857765.1_ViralProj15083_genomic.fna.gz	NC_003602.1 Grapevine virus B, complete genome
0.719686	1/1000	1	0.00181722	GCF_000858945.1_ViralMultiSegProj15176_genomic.fna.gz	[3 seqs] NC_003832.1 Watermelon silver mottle virus segment L, complete sequence [...]
0.719686	1/1000	33	0.00181722	GCF_000859305.1_ViralProj15252_genomic.fna.gz	NC_007013.1 Small anellovirus 1, complete genome
0.719686	1/1000	1	0.00181722	GCF_000861565.1_ViralProj15371_genomic.fna.gz	NC_003988.1 Simian enterovirus A, complete genome
0.719686	1/1000	1	0.00181722	GCF_000861805.1_ViralProj15423_genomic.fna.gz	NC_004284.1 Junonia coenia densovirus, complete genome
0.719686	1/1000	22	0.00181722	GCF_000863805.1_ViralProj15477_genomic.fna.gz	NC_001699.1 JC polyomavirus, complete genome
0.719686	1/1000	2	0.00181722	GCF_000864285.1_ViralProj16188_genomic.fna.gz	NC_007609.1 Dulcamara mottle virus, complete genome
0.743837	2/1000	1	1.6505e-06	GCF_000864325.1_ViralProj16227_genomic.fna.gz	NC_007640.1 Sida leaf curl virus-associated DNA 1, complete genome
0.719686	1/1000	24	0.00181722	GCF_000865105.1_ViralProj15717_genomic.fna.gz	NC_007415.1 Sclerotinia sclerotiorum debilitation-associated RNA virus, complete genome
0.719686	1/1000	5	0.00181722	GCF_000865745.1_ViralMultiSegProj15555_genomic.fna.gz	[2 seqs] NC_007241.1 Vicia cryptic virus RNA1, complete sequence [...]
0.719686	1/1000	1	0.00181722	GCF_000866765.1_ViralProj16142_genomic.fna.gz	NC_007523.1 Coniothyrium minitans RNA virus, complete genome
0.719686	1/1000	1	0.00181722	GCF_000868685.1_ViralProj18323_genomic.fna.gz	NC_008605.1 Potato apical leaf curl disease-associated satellite DNA beta, complete genome
0.743837	2/1000	1	1.6505e-06	GCF_000870545.1_ViralProj19131_genomic.fna.gz	NC_009225.1 Torque teno midi virus 1, complete genome
0.719686	1/1000	1	0.00181722	GCF_000870805.1_ViralProj19773_genomic.fna.gz	NC_009544.1 Solenopsis invicta virus 2, complete genome
0.813182	13/1000	58	3.53516e-46	GCF_000871145.1_ViralProj20801_genomic.fna.gz	NC_009815.1 Listeria phage A006, complete genome
0.940049	273/1000	75	0	GCF_000871985.1_ViralProj20795_genomic.fna.gz	NC_009812.1 Listeria phage B025, complete genome
0.743837	2/1000	1	1.6505e-06	GCF_000872885.1_ViralMultiSegProj29847_genomic.fna.gz	[2 seqs] NC_010705.1 Ceratocystis polonica partitivirus segment 1, complete genome [...]
0.719686	1/1000	128	0.00181722	GCF_000873565.1_ViralProj20791_genomic.fna.gz	NC_009810.1 Listeria phage A500, complete genome
0.719686	1/1000	74	0.00181722	GCF_000873585.1_ViralProj20799_genomic.fna.gz	NC_009814.1 Listeria phage P35, complete genome
0.743837	2/1000	116	1.6505e-06	GCF_000873645.1_ViralProj20965_genomic.fna.gz	NC_009884.1 Acidianus filamentous virus 2, complete genome
0.758338	3/1000	2	9.9853e-10	GCF_000874245.1_ViralProj20797_genomic.fna.gz	NC_009813.1 Listeria phage B054, complete genome
0.719686	1/1000	1	0.00181722	GCF_000874945.1_ViralMultiSegProj28759_genomic.fna.gz	[3 seqs] NC_010349.1 Botryotinia fuckeliana partitivirus 1, complete segment 1, genomic RNA [...]
0.719686	1/1000	1	0.00181722	GCF_000876135.1_ASM87613v1_genomic.fna.gz	[117 seqs] NZ_JYFK01000001.1 Anaerostipes hadrus strain PEL 85 contig00001, whole genome shotgun sequence [...]
0.719686	1/1000	1	0.00181722	GCF_000879855.1_ViralProj29195_genomic.fna.gz	NC_010537.1 Acidianus filamentous virus 9, complete genome
0.719686	1/1000	174	0.00181722	GCF_000880115.1_ViralProj30115_genomic.fna.gz	NC_010819.1 Macaque simian foamy virus, complete genome
0.719686	1/1000	10	0.00181722	GCF_000881095.1_ViralProj34665_genomic.fna.gz	NC_012118.1 Pedilanthus leaf curl virus-Pedilanthus [Pakistan:Multan:2004], complete genome
0.758338	3/1000	1	9.9853e-10	GCF_000881315.1_ViralProj37893_genomic.fna.gz	NC_012666.1 Emilia yellow vein virus-associated DNA beta, complete genome
0.719686	1/1000	1	0.00181722	GCF_000881915.1_ViralProj33189_genomic.fna.gz	NC_011659.1 Schlumbergera virus X, complete genome
0.743837	2/1000	1	1.6505e-06	GCF_000883355.1_ViralMultiSegProj32709_genomic.fna.gz	[2 seqs] NC_011556.1 Beet cryptic virus 1 RNA 1, complete genome [...]
0.783786	6/1000	1	4.94632e-20	GCF_000884095.1_ViralMultiSegProj39595_genomic.fna.gz	[2 seqs] NC_013014.1 Sclerotinia sclerotiorum partitivirus S segment 1, complete genome [...]
0.719686	1/1000	1	0.00181722	GCF_000885635.1_ViralMultiSegProj38899_genomic.fna.gz	[2 seqs] NC_012909.1 Lettuce chlorosis virus RNA1, complete genome [...]
0.719686	1/1000	1	0.00181722	GCF_000886935.1_ViralProj42351_genomic.fna.gz	NC_013585.1 Acidianus spindle-shaped virus 1, complete genome
0.719686	1/1000	29	0.00181722	GCF_000887335.1_ViralProj48185_genomic.fna.gz	NC_014093.1 Torque teno midi virus 2, complete genome
0.719686	1/1000	23	0.00181722	GCF_000887455.1_ViralProj50429_genomic.fna.gz	NC_014324.1 Turnip curly top virus, complete genome
0.758338	3/1000	1	9.9853e-10	GCF_000888115.1_ViralProj45931_genomic.fna.gz	NC_013801.1 Croton yellow vein mosaic alphasatellite, complete genome
0.719686	1/1000	84	0.00181722	GCF_000890135.1_ViralProj51893_genomic.fna.gz	NC_014480.2 Torque teno virus 2, complete genome
0.719686	1/1000	127	0.00181722	GCF_000890315.1_ViralProj60625_genomic.fna.gz	NC_014739.1 Chickpea redleaf virus, complete genome
0.719686	1/1000	65	0.00181722	GCF_000890775.1_ViralProj64597_genomic.fna.gz	NC_015267.1 Camelus dromedarius papillomavirus type 1, complete genome
0.719686	1/1000	1	0.00181722	GCF_000891555.1_ViralProj62493_genomic.fna.gz	NC_015050.1 Pepper vein yellows virus genomic RNA, complete genome
0.719686	1/1000	66	0.00181722	GCF_000892755.1_ViralProj66973_genomic.fna.gz	NC_015524.1 Bombyx mori Macula-like virus, complete genome
0.719686	1/1000	2	0.00181722	GCF_000893715.1_ViralProj68017_genomic.fna.gz	NC_015655.1 Sweetpotato badnavirus A, complete genome
0.719686	1/1000	1	0.00181722	GCF_000894695.1_ViralProj167580_genomic.fna.gz	NC_017967.1 Hippeastrum mosaic virus, complete genome
0.719686	1/1000	1	0.00181722	GCF_000896555.1_ViralProj78945_genomic.fna.gz	NC_016447.1 Aotine herpesvirus 1 strain S34E, complete genome
0.719686	1/1000	150	0.00181722	GCF_000897135.1_ViralProj167575_genomic.fna.gz	NC_017983.1 Salisaeta icosahedral phage 1, complete genome
0.719686	1/1000	28	0.00181722	GCF_000897195.1_ViralProj167663_genomic.fna.gz	NC_017980.1 Clostridium phage phiCP7R, complete genome
0.719686	1/1000	1	0.00181722	GCF_000898475.1_ViralProj172460_genomic.fna.gz	NC_018382.1 Bat hepevirus, complete genome
0.743837	2/1000	2	1.6505e-06	GCF_000900915.1_ViralProj181248_genomic.fna.gz	NC_019532.1 Tomato yellow leaf curl China betasatellite, complete genome
0.743837	2/1000	1	1.6505e-06	GCF_000902015.1_ViralProj181994_genomic.fna.gz	NC_019547.1 Ageratum enation alphasatellite, complete genome
0.719686	1/1000	2	0.00181722	GCF_000903355.1_ViralProj181227_genomic.fna.gz	NC_019491.1 Cyprinid herpesvirus 1 strain NG-J1, complete genome
0.777011	5/1000	37	1.63993e-16	GCF_000905575.1_ViralProj195527_genomic.fna.gz	NC_020871.1 Listeria phage vB_LmoM_AG20, complete genome
0.768798	4/1000	15	4.52647e-13	GCF_000906375.1_ViralMultiSegProj198687_genomic.fna.gz	[2 seqs] NC_021098.1 Hop trefoil cryptic virus 2 isolate IPP_GelbSK segment RNA 1, complete sequence [...]
0.719686	1/1000	1	0.00181722	GCF_000907235.1_ViralMultiSegProj198685_genomic.fna.gz	[2 seqs] NC_021094.1 White clover cryptic virus 2 isolate IPP_Lirepa segment RNA 1, complete sequence [...]
0.803086	10/1000	72	1.04218e-34	GCF_000909375.1_ViralProj209078_genomic.fna.gz	NC_021539.2 Listeria phage LP-030-2, complete genome
0.719686	1/1000	1	0.00181722	GCF_000909695.1_ViralProj213018_genomic.fna.gz	NC_021867.1 Flavobacterium phage 6H, complete genome
0.719686	1/1000	35	0.00181722	GCF_000909795.1_ViralProj214353_genomic.fna.gz	NC_021923.1 Hemileuca sp. nucleopolyhedrovirus, complete genome
0.719686	1/1000	28	0.00181722	GCF_000910275.1_ViralProj209357_genomic.fna.gz	NC_021567.1 Nilaparvata lugens honeydew virus-3 genomic RNA, complete genome, isolate: Kagoshima
0.719686	1/1000	27	0.00181722	GCF_000910475.1_ViralProj212952_genomic.fna.gz	NC_021788.1 Cellulophaga phage phi4:1, complete genome
0.719686	1/1000	27	0.00181722	GCF_000910515.1_ViralProj212960_genomic.fna.gz	NC_021794.1 Cellulophaga phage phi18:3, complete genome
0.719686	1/1000	1	0.00181722	GCF_000911175.1_ViralMultiSegProj225924_genomic.fna.gz	[2 seqs] NC_022616.1 Red clover cryptic virus 1 isolate IPP_Nemaro segment 1 RNA-dependent RNA polymerase gene, complete cds [...]
0.743837	2/1000	2	1.6505e-06	GCF_000913055.2_ViralProj227467_genomic.fna.gz	NC_022799.1 Potato black ringspot virus isolate PRI-Ec segment RNA 2, complete sequence
0.719686	1/1000	1	0.00181722	GCF_000914395.1_ViralProj238950_genomic.fna.gz	NC_023484.1 Sida yellow vein China alphasatellite clone J25.16, complete genome
0.719686	1/1000	1	0.00181722	GCF_000914915.1_ViralProj240593_genomic.fna.gz	NC_023693.1 Enterobacteria phage phi92, complete genome
0.719686	1/1000	1	0.00181722	GCF_000915855.1_ViralProj230991_genomic.fna.gz	NC_023015.1 Hedyotis uncinella yellow mosaic betasatellite isolate VN1, complete genome
0.743837	2/1000	3	1.6505e-06	GCF_000916915.1_ViralProj237558_genomic.fna.gz	NC_023441.1 Chaetoceros sp. DNA virus 7 genes for putative replication-associated protein, hypothetical proteins, complete cds, isolate: Csp07DNAV
0.743837	2/1000	2	1.6505e-06	GCF_000918495.1_ViralMultiSegProj240575_genomic.fna.gz	[2 seqs] NC_023684.1 Rhizoctonia solani dsRNA virus 2 segment 1, complete sequence [...]
0.743837	2/1000	170	1.6505e-06	GCF_000921995.1_ViralProj253385_genomic.fna.gz	NC_024384.1 Listeria phage LP-030-3, complete genome
0.902507	116/1000	68	0	GCF_000923075.1_ViralProj253390_genomic.fna.gz	NC_024387.1 Listeria phage LP-101, complete genome
0.758338	3/1000	1	9.9853e-10	GCF_000923295.1_ViralProj255800_genomic.fna.gz	NC_024490.1 Mirabilis leaf curl India virus associated betasatellite complete sequence, isolate Pragpur
0.758338	3/1000	1	9.9853e-10	GCF_000923555.1_ViralProj253217_genomic.fna.gz	NC_024372.1 Sida yellow vein alphasatellite isolate India:Okra:Hsp:2013, complete sequence
0.719686	1/1000	2	0.00181722	GCF_000927615.2_ViralMultiSegProj267137_genomic.fna.gz	[2 seqs] NC_025479.2 Carrot torradovirus 1 isolate CTV-1_RNA1_H6 polyprotein gene, complete cds [...]
0.719686	1/1000	1	0.00181722	GCF_000952855.1_ASM95285v1_genomic.fna.gz	[25 seqs] NZ_JSVU01000001.1 Aequorivita vladivostokensis strain KMM 3516 contig000001, whole genome shotgun sequence [...]
0.719686	1/1000	3	0.00181722	GCF_000966335.1_ASM96633v1_genomic.fna.gz	[6915 seqs] NW_012217487.1 Clupea harengus unplaced genomic scaffold, ASM96633v1 C32586881, whole genome shotgun sequence [...]
0.719686	1/1000	1	0.00181722	GCF_000969765.1_ASM96976v1_genomic.fna.gz	NZ_CP011096.1 Mycoplasma synoviae ATCC 25204, complete genome
0.719686	1/1000	1	0.00181722	GCF_000972985.1_ASM97298v1_genomic.fna.gz	[19 seqs] NZ_JYOM01000001.1 Listeria seeligeri strain 7KSM Contig1, whole genome shotgun sequence [...]
0.719686	1/1000	63	0.00181722	GCF_000972995.1_ASM97299v1_genomic.fna.gz	[34 seqs] NZ_JYOH01000001.1 Listeria monocytogenes strain 1KSM Contig1, whole genome shotgun sequence [...]
0.719686	1/1000	76	0.00181722	GCF_001008205.1_ASM100820v1_genomic.fna.gz	[40 seqs] NZ_LCTK01000001.1 Haemophilus haemolyticus strain 11P18 contig00001, whole genome shotgun sequence [...]
0.719686	1/1000	47	0.00181722	GCF_001008435.1_ViralProj283618_genomic.fna.gz	NC_027059.1 Torque teno sus virus 1b isolate 1p, complete genome
0.719686	1/1000	116	0.00181722	GCF_001019935.1_ViralProj285496_genomic.fna.gz	NC_027122.1 Vesivirus ferret badger/JX12/China/2012, complete genome
0.719686	1/1000	19	0.00181722	GCF_001027125.1_ASM102712v1_genomic.fna.gz	NZ_CP007687.1 Listeria monocytogenes strain L2625, complete genome
0.719686	1/1000	1	0.00181722	GCF_001041755.1_ViralProj287963_genomic.fna.gz	NC_027399.1 Klebsiella phage K64-1 DNA, complete genome
0.719686	1/1000	1	0.00181722	GCF_001042215.1_ViralProj287988_genomic.fna.gz	NC_027377.1 Leuconostoc phage Ln-8, complete genome
0.743837	2/1000	2	1.6505e-06	GCF_001046535.1_ASM104653v1_genomic.fna.gz	[221 seqs] NZ_LAMM01000001.1 Staphylococcus aureus strain C1504 contig_1, whole genome shotgun sequence [...]
0.719686	1/1000	1	0.00181722	GCF_001046615.1_ASM104661v1_genomic.fna.gz	[323 seqs] NZ_LAMV01000001.1 Staphylococcus aureus strain C1555 contig_1, whole genome shotgun sequence [...]
0.719686	1/1000	180	0.00181722	GCF_001063855.1_ASM106385v1_genomic.fna.gz	[111 seqs] NZ_JVAF01000001.1 Lactobacillus salivarius strain 609_LSAL 0_72117_895471, whole genome shotgun sequence [...]
0.719686	1/1000	1	0.00181722	GCF_001076885.1_ASM107688v1_genomic.fna.gz	[292 seqs] NZ_JVDT01000032.1 Bacillus sp. 522_BSPC 1008_16299_194194, whole genome shotgun sequence [...]
0.719686	1/1000	1	0.00181722	GCF_001179925.1_CLC_assembled_contigs_genomic.fna.gz	[68 seqs] NZ_CVSF01000001.1 Candidatus Pelagibacter ubique strain SCGC AAA795-D22, whole genome shotgun sequence [...]
0.719686	1/1000	1	0.00181722	GCF_001179945.1_CLC_assembled_contigs_genomic.fna.gz	[101 seqs] NZ_CVSG01000001.1 Candidatus Pelagibacter ubique strain SCGC AAA795-E07, whole genome shotgun sequence [...]
0.719686	1/1000	2	0.00181722	GCF_001183975.1_ASM118397v1_genomic.fna.gz	[4 seqs] NZ_LFZU01000001.1 Bacillus sp. FJAT-27231 Scaffold1, whole genome shotgun sequence [...]
0.719686	1/1000	1	0.00181722	GCF_001187915.1_ASM118791v1_genomic.fna.gz	[104 seqs] NZ_LGIU01000022.1 Arthrobacter sp. RIT-PI-e NODE_100_length_1050_cov_47.2828_ID_199, whole genome shotgun sequence [...]
0.719686	1/1000	1	0.00181722	GCF_001188655.1_ASM118865v1_genomic.fna.gz	NZ_CP009242.1 Listeria monocytogenes strain LM850658, complete genome
0.719686	1/1000	1	0.00181722	GCF_001190745.1_ASM119074v1_genomic.fna.gz	NZ_CP012196.1 Campylobacter gracilis strain ATCC 33236, complete genome
0.743837	2/1000	1	1.6505e-06	GCF_001190755.1_ASM119075v1_genomic.fna.gz	NZ_CP012195.1 Campylobacter ureolyticus RIGS 9880, complete genome
0.719686	1/1000	1	0.00181722	GCF_001257515.1_CFSAN023497_01.0_genomic.fna.gz	[55 seqs] NZ_LHSB01000001.1 Listeria monocytogenes strain MOD1_LS996 CFSAN023497_contig0000, whole genome shotgun sequence [...]
0.719686	1/1000	1	0.00181722	GCF_001275495.1_ViralProj159663_genomic.fna.gz	NC_017732.1 Enterococcus phage EF62phi, complete genome
0.719686	1/1000	1	0.00181722	GCF_001275645.1_ASM127564v1_genomic.fna.gz	[8 seqs] NZ_LITP01000004.1 Bacillus sp. FJAT-18019 Contig1, whole genome shotgun sequence [...]
0.719686	1/1000	1	0.00181722	GCF_001282665.1_Mediannikovella_massiliensis_genomic.fna.gz	[16 seqs] NZ_LN874933.1 Clostridiales bacterium mt11 genome assembly Mediannikovella massiliensis, scaffold scaffold00001, whole genome shotgun sequence [...]
0.719686	1/1000	1	0.00181722	GCF_001297065.1_ASM129706v1_genomic.fna.gz	[25 seqs] NZ_LHOX01000018.1 Enterococcus sp. RIT-PI-f contig_1, whole genome shotgun sequence [...]
0.719686	1/1000	1	0.00181722	GCF_001317555.1_ASM131755v1_genomic.fna.gz	[12 seqs] NZ_LKHO01000001.1 Listeria monocytogenes strain 55G scaffold1.1, whole genome shotgun sequence [...]
0.799067	9/1000	13	5.78196e-31	GCF_001343725.1_ViralMultiSegProj188731_genomic.fna.gz	[2 seqs] NC_020234.1 Rosellinia necatrix partitivirus 2 RdRp gene for RNA-dependent RNA polymerase, complete cds [...]
0.719686	1/1000	204	0.00181722	GCF_001343745.1_ViralMultiSegProj237137_genomic.fna.gz	[12 seqs] NC_023420.2 Cimodo virus strain C74-CI-2004 segment 1, complete sequence [...]
0.719686	1/1000	1	0.00181722	GCF_001375555.1_Numidum_massiliensis_genomic.fna.gz	[9 seqs] NZ_CTDZ01000001.1 Numidum massiliense strain mt3, whole genome shotgun sequence [...]
0.783786	6/1000	15	4.94632e-20	GCF_001401365.1_ViralProj299179_genomic.fna.gz	NC_028095.1 Torulaspora delbrueckii dsRNA Mbarr-1 killer virus strain EX1180 Kbarr-1 killer toxin gene, complete cds
0.783786	6/1000	12	4.94632e-20	GCF_001429995.1_ViralProj300248_genomic.fna.gz	NC_028116.1 Ageratum conyzoides symptomless alphasatellite isolate WOK80, complete sequence
0.719686	1/1000	1	0.00181722	GCF_001431085.1_ASM143108v1_genomic.fna.gz	[599 seqs] NZ_BBRU01000001.1 Candidatus Symbiothrix dinenymphae DNA, contig: NODE_1, strain: C5-4h, whole genome shotgun sequence [...]
0.719686	1/1000	1	0.00181722	GCF_001431425.1_ASM143142v1_genomic.fna.gz	[95 seqs] NZ_LDJG01000001.1 Stenotrophomonas nitritireducens strain DSM 12575 contig_1, whole genome shotgun sequence [...]
0.719686	1/1000	81	0.00181722	GCF_001434365.1_ASM143436v1_genomic.fna.gz	[66 seqs] NZ_AZFN01000001.1 Lactobacillus gastricus DSM 16045 Scaffold1, whole genome shotgun sequence [...]
0.743837	2/1000	155	1.6505e-06	GCF_001436555.1_ASM143655v1_genomic.fna.gz	[9 seqs] NZ_AYZR01000006.1 Lactobacillus senioris DSM 24302 = JCM 17472 strain DSM 24302 NODE_10, whole genome shotgun sequence [...]
0.719686	1/1000	125	0.00181722	GCF_001436695.1_ASM143669v1_genomic.fna.gz	[52 seqs] NZ_AYZG01000006.1 Lactobacillus taiwanensis DSM 21401 NODE_10, whole genome shotgun sequence [...]
0.719686	1/1000	1	0.00181722	GCF_001438785.1_ASM143878v1_genomic.fna.gz	[26 seqs] NZ_JQBZ01000015.1 Lactobacillus ceti DSM 22408 NODE_102, whole genome shotgun sequence [...]
0.719686	1/1000	39	0.00181722	GCF_001444005.1_ViralProj302024_genomic.fna.gz	NC_028363.1 Rodent hepatovirus isolate RMU101637Micarv2010 polyprotein gene, complete cds
0.768798	4/1000	76	4.52647e-13	GCF_001454885.1_ASM145488v1_genomic.fna.gz	NZ_CP013287.1 Listeria monocytogenes strain ATCC 19114, complete genome
0.719686	1/1000	2	0.00181722	GCF_001455955.1_ASM145595v1_genomic.fna.gz	[20 seqs] NZ_LNTF01000001.1 Staphylococcus aureus strain SA7112 SA7112_Contig1, whole genome shotgun sequence [...]
0.719686	1/1000	1	0.00181722	GCF_001456495.1_ASM145649v1_genomic.fna.gz	[54 seqs] NZ_LKLG01000027.1 Lactococcus lactis subsp. lactis strain KF7 contig_0, whole genome shotgun sequence [...]
0.719686	1/1000	1	0.00181722	GCF_001498095.1_2012_159044_14_genomic.fna.gz	[122 seqs] NZ_CWMG01000001.1 Listeria monocytogenes isolate LM4, whole genome shotgun sequence [...]
0.719686	1/1000	1	0.00181722	GCF_001500755.1_ViralProj307782_genomic.fna.gz	NC_028964.1 Gallivirus Pf-CHK1/GV, complete genome
0.719686	1/1000	31	0.00181722	GCF_001505075.1_ViralProj307920_genomic.fna.gz	NC_028929.1 Listeria phage vB_LmoS_293, complete genome
0.719686	1/1000	33	0.00181722	GCF_001518795.1_ASM151879v1_genomic.fna.gz	NZ_CP013988.1 Aerococcus urinaeequi strain USDA-ARS-USMARC-56713, complete genome
0.719686	1/1000	1	0.00181722	GCF_001551185.1_ViralProj310893_genomic.fna.gz	NC_029103.1 Sulfolobus monocaudavirus SMV3, complete genome
0.719686	1/1000	1	0.00181722	GCF_001559865.1_ASM155986v1_genomic.fna.gz	[122 seqs] NZ_LOHE01000001.1 Clostridiales bacterium MCWD3 contig00001, whole genome shotgun sequence [...]
0.719686	1/1000	1	0.00181722	GCF_001565675.1_LM10-00505_assembly_genomic.fna.gz	[32 seqs] NZ_CYUN01000001.1 Listeria monocytogenes strain LM10-00505 genome assembly, contig: LM1000505_Contig_1, whole genome shotgun sequence [...]
0.768798	4/1000	105	4.52647e-13	GCF_001565735.1_LM6186_assembly_genomic.fna.gz	[23 seqs] NZ_CYVG01000001.1 Listeria monocytogenes strain LM6186 genome assembly, contig: LM6186_Contig_1, whole genome shotgun sequence [...]
0.743837	2/1000	19	1.6505e-06	GCF_001567055.1_ViralProj312709_genomic.fna.gz	NC_029302.1 Piscine myocarditis-like virus isolate Golden shiner/PMCLV/USA/MN/2014, complete genome
0.719686	1/1000	1	0.00181722	GCF_001577525.1_ASM157752v1_genomic.fna.gz	NZ_CP013015.1 Delta proteobacterium HotSeep1 strain HS1 genome
0.719686	1/1000	1	0.00181722	GCF_001578715.1_ASM157871v1_genomic.fna.gz	[37 seqs] NZ_KQ968939.1 Lactococcus sp. DD01 genomic scaffold scaffold00001, whole genome shotgun sequence [...]
0.719686	1/1000	1	0.00181722	GCF_001578875.1_ASM157887v1_genomic.fna.gz	[15 seqs] NZ_KQ969506.1 Streptococcus sp. DD13 genomic scaffold scaffold00001, whole genome shotgun sequence [...]
0.719686	1/1000	1	0.00181722	GCF_001580335.1_ViralMultiSegProj314256_genomic.fna.gz	[6 seqs] NC_029562.1 Fig mosaic virus mRNA for RNA-dependent RNA polymerase (RdRp gene) [...]
0.719686	1/1000	1	0.00181722	GCF_001583055.1_CFSAN026585_02.1_genomic.fna.gz	[65 seqs] NZ_LUES01000001.1 Listeria monocytogenes strain CFSAN026585 CFSAN026585_contig0000, whole genome shotgun sequence [...]
0.719686	1/1000	1	0.00181722	GCF_001584325.1_ASM158432v1_genomic.fna.gz	[45 seqs] NZ_LSAZ01000001.1 Bacillus nakamurai strain NRRL B-41091 Bacillus-sp-B-41091_contig_1, whole genome shotgun sequence [...]
0.719686	1/1000	83	0.00181722	GCF_001589795.1_ViralProj314633_genomic.fna.gz	NC_029585.1 Lake Sarah-associated circular virus-8 isolate LSaCV-8-LSCO-2013, complete sequence
0.719686	1/1000	3	0.00181722	GCF_001590095.1_ViralProj314630_genomic.fna.gz	NC_029637.1 Lake Sarah-associated circular virus-23 isolate LSaCV-23-LSMU-2013, complete sequence
0.719686	1/1000	1	0.00181722	GCF_001590835.1_ASM159083v1_genomic.fna.gz	[70 seqs] NZ_LTAQ01000001.1 Bacillus gaemokensis strain KCTC 13318 scaffold1.1, whole genome shotgun sequence [...]
0.719686	1/1000	1	0.00181722	GCF_001591425.1_ASM159142v1_genomic.fna.gz	[206 seqs] NZ_BCUW01000001.1 Bacillus cohnii NBRC 15565 DNA, contig: BCO01S_CON0001_0001, whole genome shotgun sequence [...]
0.719686	1/1000	115	0.00181722	GCF_001595425.1_ASM159542v1_genomic.fna.gz	[148 seqs] NZ_LSNB01000001.1 Streptococcus iniae strain CAIM 527 contig_001, whole genome shotgun sequence [...]
0.719686	1/1000	1	0.00181722	GCF_001634445.1_ASM163444v1_genomic.fna.gz	[134 seqs] NZ_LQNR01000001.1 Pediococcus acidilactici strain NRCC2 contig00001, whole genome shotgun sequence [...]
0.743837	2/1000	2	1.6505e-06	GCF_001646015.1_ViralProj321707_genomic.fna.gz	NC_030131.1 Duck faeces associated circular DNA virus 1 isolate 7_Fec4_duck, complete sequence
0.719686	1/1000	76	0.00181722	GCF_001646555.1_ViralProj321700_genomic.fna.gz	NC_030151.1 Cervus papillomavirus 2 isolate BernieDPV, complete genome
0.719686	1/1000	1	0.00181722	GCF_001654365.1_ViralProj323861_genomic.fna.gz	NC_030238.1 Euphorbia caput-medusae latent virus isolate DAR12_CM243, complete genome
0.719686	1/1000	1	0.00181722	GCF_001672295.1_ASM167229v1_genomic.fna.gz	[59 seqs] NZ_JXMS01000001.1 Halodesulfovibrio spirochaetisodalis strain JC271 contig1, whole genome shotgun sequence [...]
0.719686	1/1000	1	0.00181722	GCF_001677255.1_ASM167725v1_genomic.fna.gz	NZ_CP016223.1 Candidatus Sulcia muelleri strain NC, complete genome
0.719686	1/1000	6	0.00181722	GCF_001684805.1_ViralProj328685_genomic.fna.gz	NC_030465.1 Circovirus-like genome DCCV-2, complete genome
0.719686	1/1000	15	0.00181722	GCF_001689855.1_ViralProj329636_genomic.fna.gz	NC_030650.1 Gorilla anellovirus isolate GorF ORF2 and ORF1 genes, complete cds; and nonfunctional ORF3 gene, complete sequence
0.719686	1/1000	1	0.00181722	GCF_001695265.1_ASM169526v1_genomic.fna.gz	[9 seqs] NZ_LDIR01000001.1 Arcobacter porcinus strain 117434 AAX28_contig000001, whole genome shotgun sequence [...]
0.719686	1/1000	81	0.00181722	GCF_001709825.1_ASM170982v1_genomic.fna.gz	[14 seqs] NZ_MDRT01000001.1 Listeria monocytogenes strain 568 contig000001, whole genome shotgun sequence [...]
0.848822	32/1000	89	4.73211e-124	GCF_001710185.1_ASM171018v1_genomic.fna.gz	[15 seqs] NZ_MDQU01000001.1 Listeria monocytogenes strain A520-2 contig000001, whole genome shotgun sequence [...]
0.803086	10/1000	89	1.04218e-34	GCF_001710205.1_ASM171020v1_genomic.fna.gz	[12 seqs] NZ_MDQW01000001.1 Listeria monocytogenes strain A52 contig000001, whole genome shotgun sequence [...]
0.719686	1/1000	1	0.00181722	GCF_001710385.1_ASM171038v1_genomic.fna.gz	[14 seqs] NZ_MDRE01000001.1 Listeria monocytogenes strain A32 contig000001, whole genome shotgun sequence [...]
0.743837	2/1000	113	1.6505e-06	GCF_001710575.1_ASM171057v1_genomic.fna.gz	[24 seqs] NZ_MDQP01000001.1 Listeria monocytogenes strain A533 contig000001, whole genome shotgun sequence [...]
0.719686	1/1000	1	0.00181722	GCF_001710985.1_ASM171098v1_genomic.fna.gz	[20 seqs] NZ_MDNY01000001.1 Listeria monocytogenes strain A512 contig000001, whole genome shotgun sequence [...]
0.719686	1/1000	38	0.00181722	GCF_001711285.1_ASM171128v1_genomic.fna.gz	[15 seqs] NZ_MDPG01000001.1 Listeria monocytogenes strain Lm84 contig000001, whole genome shotgun sequence [...]
0.719686	1/1000	34	0.00181722	GCF_001711295.1_ASM171129v1_genomic.fna.gz	[19 seqs] NZ_MDPS01000001.1 Listeria monocytogenes strain Lm232 contig000001, whole genome shotgun sequence [...]
0.758338	3/1000	1	9.9853e-10	GCF_001712345.1_ASM171234v1_genomic.fna.gz	[16 seqs] NZ_MDQJ01000001.1 Listeria monocytogenes strain C4 contig000001, whole genome shotgun sequence [...]
0.719686	1/1000	5	0.00181722	GCF_001743425.1_ASM174342v1_genomic.fna.gz	[559 seqs] NZ_MIZW01000001.1 Staphylococcus haemolyticus strain IIF2SW-P5 scaffold_0, whole genome shotgun sequence [...]
0.719686	1/1000	1	0.00181722	GCF_001745695.1_ViralProj344115_genomic.fna.gz	NC_031038.1 Skunkpox virus strain WA, complete genome
0.719686	1/1000	1	0.00181722	GCF_001749845.1_ASM174984v1_genomic.fna.gz	[20 seqs] NZ_MJOD01000001.1 Listeria monocytogenes strain NRRL B-33014 PROKKA_contig000001, whole genome shotgun sequence [...]
0.719686	1/1000	1	0.00181722	GCF_001751685.1_ASM175168v1_genomic.fna.gz	[21 seqs] NZ_MJSW01000001.1 Listeria monocytogenes strain BCW_2369 PROKKA_contig000001, whole genome shotgun sequence [...]
0.719686	1/1000	43	0.00181722	GCF_001752225.1_ASM175222v1_genomic.fna.gz	[21 seqs] NZ_MJTX01000001.1 Listeria monocytogenes strain CFSAN002283 PROKKA_contig000001, whole genome shotgun sequence [...]
0.719686	1/1000	1	0.00181722	GCF_001752255.1_ASM175225v1_genomic.fna.gz	[13 seqs] NZ_MJTZ01000001.1 Listeria monocytogenes strain CFSAN002285 PROKKA_contig000001, whole genome shotgun sequence [...]
0.719686	1/1000	54	0.00181722	GCF_001755725.1_ViralProj344639_genomic.fna.gz	NC_031259.1 Lishi Spider Virus 2 strain LSZZ-4 ORF1 (ORF1), ORF2 (ORF2), and RNA-dependent RNA polymerase (L) genes, complete cds
0.719686	1/1000	1	0.00181722	GCF_001759545.1_BCW_3819_genomic.fna.gz	[21 seqs] NZ_MKMJ01000001.1 Listeria monocytogenes strain NRRL B-33100 PROKKA_contig000001, whole genome shotgun sequence [...]
0.719686	1/1000	132	0.00181722	GCF_001759605.1_BCW_3822_genomic.fna.gz	[28 seqs] NZ_MKMM01000001.1 Listeria monocytogenes strain NRRL B-33126 PROKKA_contig000001, whole genome shotgun sequence [...]
0.823637	17/1000	37	6.38921e-62	GCF_001759665.1_BCW_3825_genomic.fna.gz	[14 seqs] NZ_MKMP01000001.1 Listeria monocytogenes strain NRRL B-33176 PROKKA_contig000001, whole genome shotgun sequence [...]
0.743837	2/1000	2	1.6505e-06	GCF_001759805.1_BCW_3832_genomic.fna.gz	[14 seqs] NZ_MKMW01000001.1 Listeria monocytogenes strain NRRL B-33185 PROKKA_contig000001, whole genome shotgun sequence [...]
0.758338	3/1000	42	9.9853e-10	GCF_001760145.1_BCW_3849_genomic.fna.gz	[7 seqs] NZ_MKNN01000001.1 Listeria monocytogenes strain NRRL B-33371 PROKKA_contig000001, whole genome shotgun sequence [...]
0.719686	1/1000	1	0.00181722	GCF_001760235.1_BCW_3854_genomic.fna.gz	[13 seqs] NZ_MKNS01000001.1 Listeria monocytogenes strain NRRL B-33376 PROKKA_contig000001, whole genome shotgun sequence [...]
0.719686	1/1000	1	0.00181722	GCF_001760365.1_BCW_3860_genomic.fna.gz	[9 seqs] NZ_MKNY01000001.1 Listeria monocytogenes strain NRRL B-33382 PROKKA_contig000001, whole genome shotgun sequence [...]
0.719686	1/1000	1	0.00181722	GCF_001760385.1_BCW_3861_genomic.fna.gz	[15 seqs] NZ_MKNZ01000001.1 Listeria monocytogenes strain NRRL B-33383 PROKKA_contig000001, whole genome shotgun sequence [...]
0.719686	1/1000	49	0.00181722	GCF_001760525.1_BCW_3868_genomic.fna.gz	[15 seqs] NZ_MKOG01000001.1 Listeria monocytogenes strain NRRL B-33400 PROKKA_contig000001, whole genome shotgun sequence [...]
0.719686	1/1000	1	0.00181722	GCF_001760685.1_BCW_3876_genomic.fna.gz	[22 seqs] NZ_MKOO01000001.1 Listeria monocytogenes strain NRRL B-33568 PROKKA_contig000001, whole genome shotgun sequence [...]
0.719686	1/1000	58	0.00181722	GCF_001760735.1_BCW_3879_genomic.fna.gz	[52 seqs] NZ_MKOR01000001.1 Listeria monocytogenes strain NRRL B-33574 PROKKA_contig000001, whole genome shotgun sequence [...]
1	1000/1000	83	0	GCF_001761015.1_BCW_3893_genomic.fna.gz	[14 seqs] NZ_MKPF01000001.1 Listeria monocytogenes strain NRRL B-33660 PROKKA_contig000001, whole genome shotgun sequence [...]
0.719686	1/1000	1	0.00181722	GCF_001811425.1_ASM181142v1_genomic.fna.gz	[70 seqs] NZ_KV804677.1 Peptoniphilus sp. HMSC062D09 Scaffold0, whole genome shotgun sequence [...]
0.719686	1/1000	1	0.00181722	GCF_001826475.1_ASM182647v1_genomic.fna.gz	[23 seqs] NZ_MJOS01000001.1 Listeria monocytogenes strain BCW_3945 PROKKA_contig000001, whole genome shotgun sequence [...]
0.719686	1/1000	1	0.00181722	GCF_001827435.1_ASM182743v1_genomic.fna.gz	[14 seqs] NZ_MJQO01000001.1 Listeria monocytogenes strain BCW_4300 PROKKA_contig000001, whole genome shotgun sequence [...]
0.719686	1/1000	1	0.00181722	GCF_001827465.1_ASM182746v1_genomic.fna.gz	[19 seqs] NZ_MJQQ01000001.1 Listeria monocytogenes strain BCW_4302 PROKKA_contig000001, whole genome shotgun sequence [...]
0.719686	1/1000	1	0.00181722	GCF_001832905.1_ASM183290v1_genomic.fna.gz	[26 seqs] NZ_MKIR01000001.1 Anthococcus sp. DF1 DF1_Contig1, whole genome shotgun sequence [...]
0.719686	1/1000	1	0.00181722	GCF_001856085.1_ASM185608v1_genomic.fna.gz	[145 seqs] NZ_MBQG01000001.1 Planococcus salinarum strain DSM 23820, whole genome shotgun sequence [...]
0.719686	1/1000	1	0.00181722	GCF_001870885.1_FAK_1_genomic.fna.gz	[7 seqs] NZ_JRXS01000001.1 Francisella sp. TX076608 KX00.Contig16, whole genome shotgun sequence [...]
0.719686	1/1000	1	0.00181722	GCF_001875785.1_ASM187578v1_genomic.fna.gz	[47 seqs] NZ_MOEO01000010.1 Bacillus sp. FMQ74 NODE_10_length_89456_cov_116.443, whole genome shotgun sequence [...]
0.719686	1/1000	1	0.00181722	GCF_001876365.2_canu_80X_arrow2.2_genomic.fna.gz	[2435 seqs] NW_017855997.1 Aedes albopictus isolate C6/36 unplaced genomic scaffold, canu_80X_arrow2.2, whole genome shotgun sequence [...]
0.719686	1/1000	1	0.00181722	GCF_001879205.1_ASM187920v1_genomic.fna.gz	[13 seqs] NZ_MLFK01000001.1 Flavobacterium johnsoniae strain CI04 NODE_1, whole genome shotgun sequence [...]
0.719686	1/1000	39	0.00181722	GCF_001882315.1_ViralProj353670_genomic.fna.gz	NC_031924.1 Salmonella phage IME207, complete genome
0.719686	1/1000	1	0.00181722	GCF_001887175.1_ASM188717v1_genomic.fna.gz	[736 seqs] NZ_JNBW01000383.1 Borreliella bissettii strain CO275 map unlocalized plasmid cp26 c1150, whole genome shotgun sequence [...]
0.719686	1/1000	82	0.00181722	GCF_001891125.1_ASM189112v1_genomic.fna.gz	[2 seqs] NZ_CP015247.1 Leuconostoc mesenteroides subsp. suionicum strain DSM 20241, complete genome [...]
0.719686	1/1000	1	0.00181722	GCF_001905385.1_ASM190538v1_genomic.fna.gz	[19 seqs] NZ_LIPF01000001.1 Streptomyces sp. CB02414 scaffold1, whole genome shotgun sequence [...]
0.743837	2/1000	151	1.6505e-06	GCF_001923835.1_ViralProj358960_genomic.fna.gz	NC_032188.1 Hubei sobemo-like virus 36 strain spider124913 hypothetical protein 1 and hypothetical protein 2 genes, complete cds
0.719686	1/1000	36	0.00181722	GCF_001925875.1_ViralProj359328_genomic.fna.gz	NC_032483.1 Xingshan nematode virus 1 strain XSNXC21749 hypothetical protein genes, complete cds
0.719686	1/1000	1	0.00181722	GCF_001934385.1_ViralProj359854_genomic.fna.gz	NC_032611.1 Beihai picorna-like virus 125 strain BHZY54174 hypothetical protein gene, complete cds
0.719686	1/1000	2	0.00181722	GCF_001934965.1_ViralProj359869_genomic.fna.gz	NC_032564.1 Beihai picorna-like virus 110 strain BHXG26677 hypothetical protein gene, complete cds
0.719686	1/1000	1	0.00181722	GCF_001935865.1_ViralProj359921_genomic.fna.gz	NC_032538.1 Beihai sipunculid worm virus 1 strain BHNXC40689 hypothetical protein 1 and hypothetical protein 2 genes, complete cds
0.719686	1/1000	1	0.00181722	GCF_001936625.1_ASM193662v1_genomic.fna.gz	[79 seqs] NZ_MSDU01000001.1 Domibacillus antri strain XD80 WGS_contig_1, whole genome shotgun sequence [...]
0.719686	1/1000	139	0.00181722	GCF_001938255.1_ASM193825v1_genomic.fna.gz	[171 seqs] NZ_MNAS01000001.1 [Haemophilus] parasuis strain H47 Scaffold1, whole genome shotgun sequence [...]
0.719686	1/1000	1	0.00181722	GCF_001955625.1_ASM195562v1_genomic.fna.gz	[31 seqs] NZ_MSPV01000010.1 Viridibacillus sp. FSL H7-0596 NODE_10_length_162298_cov_1.69124, whole genome shotgun sequence [...]
0.719686	1/1000	23	0.00181722	GCF_001957315.1_ViralProj361690_genomic.fna.gz	NC_032989.1 Wenzhou shrimp virus 4 strain WZRBX43306 hypothetical protein 1 and hypothetical protein 2 genes, complete cds
0.719686	1/1000	1	0.00181722	GCF_001958255.1_ViralProj361761_genomic.fna.gz	NC_033197.1 Wenling zhaovirus-like virus 1 strain WLJQ103300 RNA-dependent RNA polymerase and hypothetical protein genes, complete cds
0.719686	1/1000	91	0.00181722	GCF_001958775.1_ViralProj361716_genomic.fna.gz	NC_032966.1 Wenzhou picorna-like virus 36 strain WZRBX14225 hypothetical protein gene, complete cds
0.719686	1/1000	38	0.00181722	GCF_001958995.1_ViralProj361760_genomic.fna.gz	NC_032827.1 Wenzhou bivalvia virus 1 strain beimix75829 hypothetical protein gene, complete cds
0.719686	1/1000	2	0.00181722	GCF_001959235.1_ViralProj361808_genomic.fna.gz	NC_032978.1 Shuangao insect virus 8 strain insectZJ96360 hypothetical protein 1, hypothetical protein 2, hypothetical protein 3, and hypothetical protein 4 genes, complete cds
0.719686	1/1000	1	0.00181722	GCF_001959335.1_ViralProj361828_genomic.fna.gz	NC_032857.1 Shahe picorna-like virus 12 strain SHWC0209c11951 hypothetical protein 1 and hypothetical protein 2 genes, complete cds
0.758338	3/1000	1	9.9853e-10	GCF_001963675.1_ViralProj361919_genomic.fna.gz	NC_033273.1 Hibiscus leaf curl alphasatellite alpha Rep gene, isolate C22A1
0.719686	1/1000	1	0.00181722	GCF_001964315.1_ViralProj362047_genomic.fna.gz	NC_033034.1 Hubei diptera virus 9 strain SCM172232 putative nucleoprotein, hypothetical protein 2, putative X protein, putative matrix protein, putative glycoprotein, and RNA-dependent RNA polymerase genes, complete cds
0.719686	1/1000	1	0.00181722	GCF_001964335.1_ViralProj362051_genomic.fna.gz	NC_032897.1 Hubei diptera virus 15 strain SCM95219 hypothetical protein 1 and hypothetical protein 2 genes, complete cds
0.719686	1/1000	1	0.00181722	GCF_001964535.1_ViralMultiSegProj362065_genomic.fna.gz	[2 seqs] NC_033327.1 Hubei chuvirus-like virus 1 strain QTM26249 RNA-dependent RNA polymerase gene, complete cds [...]
0.743837	2/1000	1	1.6505e-06	GCF_001964855.1_ViralProj362129_genomic.fna.gz	NC_033102.1 Hubei odonate virus 3 strain QTM25153 hypothetical protein gene, complete cds
0.719686	1/1000	1	0.00181722	GCF_001965535.1_ViralProj362124_genomic.fna.gz	NC_032766.1 Hubei orthoptera virus 1 strain ZCM21319 hypothetical protein 1 and hypothetical protein 2 genes, complete cds
0.719686	1/1000	9	0.00181722	GCF_001967555.1_ViralProj361657_genomic.fna.gz	NC_032764.1 Hubei tick virus 1 strain tick109202 hypothetical protein gene, complete cds
0.719686	1/1000	108	0.00181722	GCF_001967875.1_ViralProj361619_genomic.fna.gz	NC_032812.1 Hubei picorna-like virus 76 strain WGML143182 hypothetical protein 1, hypothetical protein 2, and hypothetical protein 3 genes, complete cds
0.719686	1/1000	153	0.00181722	GCF_001968615.1_ViralProj361654_genomic.fna.gz	NC_032992.1 Hubei tombus-like virus 1 strain WHWN54407 hypothetical protein 1, hypothetical protein 2, hypothetical protein 3, and hypothetical protein 4 genes, complete cds
0.719686	1/1000	1	0.00181722	GCF_001971785.1_ASM197178v1_genomic.fna.gz	NZ_CP019389.1 Seonamhaeicola sp. S2-3, complete genome
0.719686	1/1000	16	0.00181722	GCF_001974055.1_ViralProj368933_genomic.fna.gz	NC_033457.1 Wuhan insect virus 19 strain WHCCII13334 1ab, hypothetical protein, and putative structural polyprotein genes, complete cds
0.719686	1/1000	1	0.00181722	GCF_001974135.1_ViralProj368949_genomic.fna.gz	NC_033461.1 Wuhan heteroptera virus 1 strain arthropodmix8462 RdRp and hypothetical protein genes, complete cds
0.719686	1/1000	147	0.00181722	GCF_001989575.1_ASM198957v1_genomic.fna.gz	NZ_CP019573.1 Staphylococcaceae bacterium S31, complete genome
0.719686	1/1000	1	0.00181722	GCF_001998885.1_ASM199888v1_genomic.fna.gz	NZ_CP019609.1 Vagococcus penaei strain CD276, complete genome
0.719686	1/1000	1	0.00181722	GCF_002004495.1_ViralProj375021_genomic.fna.gz	NC_033718.1 Wuhan spider virus 3 strain spider133889 hypothetical protein gene, complete cds
0.719686	1/1000	3	0.00181722	GCF_002008345.1_ASM200834v1_genomic.fna.gz	[138 seqs] NZ_MRAE01000001.1 Clostridium sp. IEH 97212 scaffold_0, whole genome shotgun sequence [...]
0.743837	2/1000	2	1.6505e-06	GCF_002008515.1_ViralProj376197_genomic.fna.gz	NC_033792.1 Qinghai Himalayan marmot astrovirus 1 isolate HHMAstV1, complete genome
0.743837	2/1000	50	1.6505e-06	GCF_002009625.1_ASM200962v1_genomic.fna.gz	[98 seqs] NZ_MWKN01000001.1 Candidatus Phytoplasma aurantifolia strain WBDL phyWBDL_0002, whole genome shotgun sequence [...]
0.719686	1/1000	1	0.00181722	GCF_002025445.1_KWv02_genomic.fna.gz	[6 seqs] NZ_MVGR01000001.1 Microcystis aeruginosa KW Contig0, whole genome shotgun sequence [...]
0.719686	1/1000	1	0.00181722	GCF_900006855.1_S.hominis_B10_genomic.fna.gz	[37 seqs] NZ_FBVK01000037.1 Staphylococcus hominis isolate B10, whole genome shotgun sequence [...]
0.719686	1/1000	1	0.00181722	GCF_900009135.1_BBR_PRJEB10991_v2_genomic.fna.gz	[103 seqs] NZ_LT797683.1 Planktothrix sp. PCC 11201 isolate BBR_PRJEB10991, whole genome shotgun sequence [...]
0.719686	1/1000	1	0.00181722	GCF_900016785.1_BTsPazieg1.0_genomic.fna.gz	[3 seqs] NZ_LN890285.1 Buchnera aphidicola (Tuberolachnus salignus) strain BTs genome assembly, chromosome: 1 [...]
0.743837	2/1000	31	1.6505e-06	GCF_900036265.1_12754_5_55_genomic.fna.gz	[8 seqs] NZ_FFFN01000001.1 Listeria monocytogenes strain 2842STDY5753938 genome assembly, contig: ERS409685SCcontig000001, whole genome shotgun sequence [...]
0.719686	1/1000	1	0.00181722	GCF_900073125.1_CD105KSE5_genomic.fna.gz	[378 seqs] NZ_FJOJ01000001.1 Clostridioides difficile strain CD105KSE5, whole genome shotgun sequence [...]
0.719686	1/1000	1911	0.00181722	GCF_900080145.1_TREMTM_genomic.fna.gz	[4 seqs] NZ_FLRF01000004.1 Candidatus Tremblaya princeps isolate TREMTM, whole genome shotgun sequence [...]
0.719686	1/1000	1	0.00181722	GCF_900086715.1_PRJEB13933_genomic.fna.gz	[12 seqs] NZ_FLKH01000001.1 Gracilibacillus sp. Marseille-P2481, whole genome shotgun sequence [...]
0.719686	1/1000	1	0.00181722	GCF_900128735.1_BCiconfinis_v1.0_genomic.fna.gz	[2 seqs] NZ_LT667503.1 Buchnera aphidicola (Cinara confinis) strain BCiconfinis genome assembly, chromosome: 1 [...]
0.719686	1/1000	1	0.00181722	GCF_900129405.1_IMG-taxon_2695420946_annotated_assembly_genomic.fna.gz	[36 seqs] NZ_FQVQ01000036.1 Flavobacterium fontis strain DSM 25660, whole genome shotgun sequence [...]
0.719686	1/1000	1	0.00181722	GCF_900162815.1_Psychrobacter_pasteurii_CIP110853_assembly_genomic.fna.gz	[229 seqs] NZ_FUGD01000229.1 Psychrobacter sp. CIP 110853 isolate Psychrobacter_pasteurii, whole genome shotgun sequence [...]
0.719686	1/1000	1	0.00181722	GCF_900167275.1_IMG-taxon_2585428148_annotated_assembly_genomic.fna.gz	[61 seqs] NZ_FUWX01000061.1 Cetobacterium ceti strain ATCC 700028, whole genome shotgun sequence [...]
0.719686	1/1000	2	0.00181722	GCF_900169725.1_5477_genomic.fna.gz	[935 seqs] NZ_FWDY01000933.1 Listeria monocytogenes isolate 5477, whole genome shotgun sequence [...]
0.719686	1/1000	1	0.00181722	GCF_900169945.1_5483_genomic.fna.gz	[581 seqs] NZ_FWEI01000581.1 Listeria monocytogenes isolate 5483, whole genome shotgun sequence [...]
